seed,iter,population,sigma,alpha,hidden_sizes,episodes_per_eval,iterations,temperature,topk,K,J_curr,J_best_true,SR_curr,MX_curr,wallclock_s
11,0,45,0.15,0.15,"(4,)",15,70,0.1,True,5,-1000.0,-1000.0,0.0,-0.4723192059944151,125.1
11,1,45,0.15,0.15,"(4,)",15,70,0.1,True,5,-1000.0,-1000.0,0.0,-0.46668920430094935,125.1
11,2,45,0.15,0.15,"(4,)",15,70,0.1,True,5,-1000.0,-1000.0,0.0,-0.4783035911054357,125.1
11,3,45,0.15,0.15,"(4,)",15,70,0.1,True,5,-1000.0,-1000.0,0.0,-0.46845990805837445,125.1
11,4,45,0.15,0.15,"(4,)",15,70,0.1,True,5,-1000.0,-1000.0,0.0,-0.46801382601009345,125.1
11,5,45,0.15,0.15,"(4,)",15,70,0.1,True,5,-1000.0,-733.4,0.0,-0.47786755616093235,125.1
11,6,45,0.15,0.15,"(4,)",15,70,0.1,True,5,-1000.0,-836.1333333333333,0.0,-0.4570357581405227,125.1
11,7,45,0.15,0.15,"(4,)",15,70,0.1,True,5,-1000.0,-983.2,0.0,-0.4459628005695765,125.1
11,8,45,0.15,0.15,"(4,)",15,70,0.1,True,5,-1000.0,-629.0,0.0,-0.4316754089377841,125.1
11,9,45,0.15,0.15,"(4,)",15,70,0.1,True,5,-1000.0,-442.06666666666666,0.0,-0.40708005276967646,125.1
11,10,45,0.15,0.15,"(4,)",15,70,0.1,True,5,-1000.0,-285.8666666666667,0.0,-0.3283787077582269,125.1
11,11,45,0.15,0.15,"(4,)",15,70,0.1,True,5,-985.0666666666667,-350.46666666666664,0.13333333333333333,0.03500588669622488,125.1
11,12,45,0.15,0.15,"(4,)",15,70,0.1,True,5,-657.4666666666667,-269.93333333333334,1.0,0.5,125.1
11,13,45,0.15,0.15,"(4,)",15,70,0.1,True,5,-416.2,-276.2,1.0,0.5,125.1
11,14,45,0.15,0.15,"(4,)",15,70,0.1,True,5,-360.2,-219.33333333333334,1.0,0.5,125.1
11,15,45,0.15,0.15,"(4,)",15,70,0.1,True,5,-277.06666666666666,-215.46666666666667,1.0,0.5,125.1
11,16,45,0.15,0.15,"(4,)",15,70,0.1,True,5,-287.73333333333335,-196.13333333333333,1.0,0.5,125.1
11,17,45,0.15,0.15,"(4,)",15,70,0.1,True,5,-264.2,-207.06666666666666,1.0,0.5,125.1
11,18,45,0.15,0.15,"(4,)",15,70,0.1,True,5,-278.73333333333335,-181.33333333333334,1.0,0.5,125.1
11,19,45,0.15,0.15,"(4,)",15,70,0.1,True,5,-220.0,-173.53333333333333,1.0,0.5,125.1
11,20,45,0.15,0.15,"(4,)",15,70,0.1,True,5,-211.4,-178.53333333333333,1.0,0.5,125.1
11,21,45,0.15,0.15,"(4,)",15,70,0.1,True,5,-187.8,-165.53333333333333,1.0,0.5,125.1
11,22,45,0.15,0.15,"(4,)",15,70,0.1,True,5,-171.73333333333332,-151.4,1.0,0.5,125.1
11,23,45,0.15,0.15,"(4,)",15,70,0.1,True,5,-174.46666666666667,-146.06666666666666,1.0,0.5,125.1
11,24,45,0.15,0.15,"(4,)",15,70,0.1,True,5,-155.66666666666666,-153.4,1.0,0.5,125.1
11,25,45,0.15,0.15,"(4,)",15,70,0.1,True,5,-165.06666666666666,-128.13333333333333,1.0,0.5,125.1
11,26,45,0.15,0.15,"(4,)",15,70,0.1,True,5,-154.6,-132.93333333333334,1.0,0.5,125.1
11,27,45,0.15,0.15,"(4,)",15,70,0.1,True,5,-146.53333333333333,-121.93333333333334,1.0,0.5,125.1
11,28,45,0.15,0.15,"(4,)",15,70,0.1,True,5,-136.4,-134.0,1.0,0.5,125.1
11,29,45,0.15,0.15,"(4,)",15,70,0.1,True,5,-148.86666666666667,-120.46666666666667,1.0,0.5,125.1
11,30,45,0.15,0.15,"(4,)",15,70,0.1,True,5,-148.8,-122.0,1.0,0.5,125.1
11,31,45,0.15,0.15,"(4,)",15,70,0.1,True,5,-128.33333333333334,-122.66666666666667,1.0,0.5,125.1
11,32,45,0.15,0.15,"(4,)",15,70,0.1,True,5,-128.0,-123.46666666666667,1.0,0.5,125.1
11,33,45,0.15,0.15,"(4,)",15,70,0.1,True,5,-126.13333333333334,-119.2,1.0,0.5,125.1
11,34,45,0.15,0.15,"(4,)",15,70,0.1,True,5,-128.26666666666668,-120.26666666666667,1.0,0.5,125.1
11,35,45,0.15,0.15,"(4,)",15,70,0.1,True,5,-116.0,-117.73333333333333,1.0,0.5,125.1
11,36,45,0.15,0.15,"(4,)",15,70,0.1,True,5,-127.33333333333333,-121.13333333333334,1.0,0.5,125.1
11,37,45,0.15,0.15,"(4,)",15,70,0.1,True,5,-122.33333333333333,-118.66666666666667,1.0,0.5,125.1
11,38,45,0.15,0.15,"(4,)",15,70,0.1,True,5,-122.86666666666666,-110.46666666666667,1.0,0.5,125.1
11,39,45,0.15,0.15,"(4,)",15,70,0.1,True,5,-121.6,-119.0,1.0,0.5,125.1
11,40,45,0.15,0.15,"(4,)",15,70,0.1,True,5,-129.53333333333333,-115.8,1.0,0.5,125.1
11,41,45,0.15,0.15,"(4,)",15,70,0.1,True,5,-121.13333333333334,-120.6,1.0,0.5,125.1
11,42,45,0.15,0.15,"(4,)",15,70,0.1,True,5,-118.4,-110.6,1.0,0.5,125.1
11,43,45,0.15,0.15,"(4,)",15,70,0.1,True,5,-116.33333333333333,-122.66666666666667,1.0,0.5,125.1
11,44,45,0.15,0.15,"(4,)",15,70,0.1,True,5,-118.66666666666667,-117.53333333333333,1.0,0.5,125.1
11,45,45,0.15,0.15,"(4,)",15,70,0.1,True,5,-121.53333333333333,-122.86666666666666,1.0,0.5,125.1
11,46,45,0.15,0.15,"(4,)",15,70,0.1,True,5,-126.8,-117.73333333333333,1.0,0.5,125.1
11,47,45,0.15,0.15,"(4,)",15,70,0.1,True,5,-127.53333333333333,-116.86666666666666,1.0,0.5,125.1
11,48,45,0.15,0.15,"(4,)",15,70,0.1,True,5,-129.33333333333334,-112.06666666666666,1.0,0.5,125.1
11,49,45,0.15,0.15,"(4,)",15,70,0.1,True,5,-129.26666666666668,-116.33333333333333,1.0,0.5,125.1
11,50,45,0.15,0.15,"(4,)",15,70,0.1,True,5,-115.0,-109.4,1.0,0.5,125.1
11,51,45,0.15,0.15,"(4,)",15,70,0.1,True,5,-123.13333333333334,-112.4,1.0,0.5,125.1
11,52,45,0.15,0.15,"(4,)",15,70,0.1,True,5,-116.33333333333333,-116.93333333333334,1.0,0.5,125.1
11,53,45,0.15,0.15,"(4,)",15,70,0.1,True,5,-124.66666666666667,-115.26666666666667,1.0,0.5,125.1
11,54,45,0.15,0.15,"(4,)",15,70,0.1,True,5,-118.66666666666667,-118.13333333333334,1.0,0.5,125.1
11,55,45,0.15,0.15,"(4,)",15,70,0.1,True,5,-129.93333333333334,-116.26666666666667,1.0,0.5,125.1
11,56,45,0.15,0.15,"(4,)",15,70,0.1,True,5,-123.0,-120.6,1.0,0.5,125.1
11,57,45,0.15,0.15,"(4,)",15,70,0.1,True,5,-128.33333333333334,-118.4,1.0,0.5,125.1
11,58,45,0.15,0.15,"(4,)",15,70,0.1,True,5,-127.0,-115.4,1.0,0.5,125.1
11,59,45,0.15,0.15,"(4,)",15,70,0.1,True,5,-123.0,-116.13333333333334,1.0,0.5,125.1
11,60,45,0.15,0.15,"(4,)",15,70,0.1,True,5,-114.8,-115.53333333333333,1.0,0.5,125.1
11,61,45,0.15,0.15,"(4,)",15,70,0.1,True,5,-117.8,-109.8,1.0,0.5,125.1
11,62,45,0.15,0.15,"(4,)",15,70,0.1,True,5,-114.33333333333333,-112.66666666666667,1.0,0.5,125.1
11,63,45,0.15,0.15,"(4,)",15,70,0.1,True,5,-122.53333333333333,-113.33333333333333,1.0,0.5,125.1
11,64,45,0.15,0.15,"(4,)",15,70,0.1,True,5,-119.73333333333333,-113.26666666666667,1.0,0.5,125.1
11,65,45,0.15,0.15,"(4,)",15,70,0.1,True,5,-116.4,-113.26666666666667,1.0,0.5,125.1
11,66,45,0.15,0.15,"(4,)",15,70,0.1,True,5,-119.33333333333333,-113.0,1.0,0.5,125.1
11,67,45,0.15,0.15,"(4,)",15,70,0.1,True,5,-121.53333333333333,-116.93333333333334,1.0,0.5,125.1
11,68,45,0.15,0.15,"(4,)",15,70,0.1,True,5,-117.06666666666666,-112.2,1.0,0.5,125.1
11,69,45,0.15,0.15,"(4,)",15,70,0.1,True,5,-110.86666666666666,-107.06666666666666,1.0,0.5,125.1
22,0,45,0.15,0.15,"(4,)",15,70,0.1,True,5,-1000.0,-1000.0,0.0,-0.34483928003285735,125.6
22,1,45,0.15,0.15,"(4,)",15,70,0.1,True,5,-1000.0,-1000.0,0.0,-0.30348993753207776,125.6
22,2,45,0.15,0.15,"(4,)",15,70,0.1,True,5,-1000.0,-1000.0,0.0,-0.34405418089549406,125.6
22,3,45,0.15,0.15,"(4,)",15,70,0.1,True,5,-1000.0,-1000.0,0.0,-0.3041982600372555,125.6
22,4,45,0.15,0.15,"(4,)",15,70,0.1,True,5,-1000.0,-1000.0,0.0,-0.35182124420817823,125.6
22,5,45,0.15,0.15,"(4,)",15,70,0.1,True,5,-1000.0,-1000.0,0.0,-0.3172084174432646,125.6
22,6,45,0.15,0.15,"(4,)",15,70,0.1,True,5,-1000.0,-1000.0,0.0,-0.2790985007589791,125.6
22,7,45,0.15,0.15,"(4,)",15,70,0.1,True,5,-1000.0,-1000.0,0.0,-0.3226732047599324,125.6
22,8,45,0.15,0.15,"(4,)",15,70,0.1,True,5,-1000.0,-1000.0,0.0,-0.2836091008225511,125.6
22,9,45,0.15,0.15,"(4,)",15,70,0.1,True,5,-1000.0,-415.3333333333333,0.0,-0.2952820301265372,125.6
22,10,45,0.15,0.15,"(4,)",15,70,0.1,True,5,-1000.0,-294.53333333333336,0.0,-0.17726910816698593,125.6
22,11,45,0.15,0.15,"(4,)",15,70,0.1,True,5,-1000.0,-993.8,0.0,0.014717936068727674,125.6
22,12,45,0.15,0.15,"(4,)",15,70,0.1,True,5,-1000.0,-232.26666666666668,0.0,0.06763760737837306,125.6
22,13,45,0.15,0.15,"(4,)",15,70,0.1,True,5,-1000.0,-602.2666666666667,0.0,0.10358742524915261,125.6
22,14,45,0.15,0.15,"(4,)",15,70,0.1,True,5,-1000.0,-197.06666666666666,0.0,0.18369405756475096,125.6
22,15,45,0.15,0.15,"(4,)",15,70,0.1,True,5,-469.3333333333333,-167.2,0.9333333333333333,0.49891928893098386,125.6
22,16,45,0.15,0.15,"(4,)",15,70,0.1,True,5,-238.2,-161.6,1.0,0.5,125.6
22,17,45,0.15,0.15,"(4,)",15,70,0.1,True,5,-178.0,-147.46666666666667,1.0,0.5,125.6
22,18,45,0.15,0.15,"(4,)",15,70,0.1,True,5,-179.86666666666667,-154.53333333333333,1.0,0.5,125.6
22,19,45,0.15,0.15,"(4,)",15,70,0.1,True,5,-177.6,-151.0,1.0,0.5,125.6
22,20,45,0.15,0.15,"(4,)",15,70,0.1,True,5,-160.33333333333334,-136.8,1.0,0.5,125.6
22,21,45,0.15,0.15,"(4,)",15,70,0.1,True,5,-170.4,-136.8,1.0,0.5,125.6
22,22,45,0.15,0.15,"(4,)",15,70,0.1,True,5,-143.13333333333333,-125.53333333333333,1.0,0.5,125.6
22,23,45,0.15,0.15,"(4,)",15,70,0.1,True,5,-143.93333333333334,-132.26666666666668,1.0,0.5,125.6
22,24,45,0.15,0.15,"(4,)",15,70,0.1,True,5,-131.4,-121.53333333333333,1.0,0.5,125.6
22,25,45,0.15,0.15,"(4,)",15,70,0.1,True,5,-141.2,-118.4,1.0,0.5,125.6
22,26,45,0.15,0.15,"(4,)",15,70,0.1,True,5,-130.86666666666667,-119.33333333333333,1.0,0.5,125.6
22,27,45,0.15,0.15,"(4,)",15,70,0.1,True,5,-138.4,-118.26666666666667,1.0,0.5,125.6
22,28,45,0.15,0.15,"(4,)",15,70,0.1,True,5,-130.26666666666668,-122.06666666666666,1.0,0.5,125.6
22,29,45,0.15,0.15,"(4,)",15,70,0.1,True,5,-126.46666666666667,-120.4,1.0,0.5,125.6
22,30,45,0.15,0.15,"(4,)",15,70,0.1,True,5,-120.6,-118.73333333333333,1.0,0.5,125.6
22,31,45,0.15,0.15,"(4,)",15,70,0.1,True,5,-121.4,-128.93333333333334,1.0,0.5,125.6
22,32,45,0.15,0.15,"(4,)",15,70,0.1,True,5,-151.13333333333333,-123.53333333333333,1.0,0.5,125.6
22,33,45,0.15,0.15,"(4,)",15,70,0.1,True,5,-135.8,-118.53333333333333,1.0,0.5,125.6
22,34,45,0.15,0.15,"(4,)",15,70,0.1,True,5,-126.6,-119.13333333333334,1.0,0.5,125.6
22,35,45,0.15,0.15,"(4,)",15,70,0.1,True,5,-126.2,-114.46666666666667,1.0,0.5,125.6
22,36,45,0.15,0.15,"(4,)",15,70,0.1,True,5,-117.26666666666667,-112.66666666666667,1.0,0.5,125.6
22,37,45,0.15,0.15,"(4,)",15,70,0.1,True,5,-114.26666666666667,-116.13333333333334,1.0,0.5,125.6
22,38,45,0.15,0.15,"(4,)",15,70,0.1,True,5,-122.06666666666666,-116.53333333333333,1.0,0.5,125.6
22,39,45,0.15,0.15,"(4,)",15,70,0.1,True,5,-124.33333333333333,-119.6,1.0,0.5,125.6
22,40,45,0.15,0.15,"(4,)",15,70,0.1,True,5,-118.8,-119.46666666666667,1.0,0.5,125.6
22,41,45,0.15,0.15,"(4,)",15,70,0.1,True,5,-121.06666666666666,-121.26666666666667,1.0,0.5,125.6
22,42,45,0.15,0.15,"(4,)",15,70,0.1,True,5,-129.6,-118.53333333333333,1.0,0.5,125.6
22,43,45,0.15,0.15,"(4,)",15,70,0.1,True,5,-120.2,-114.66666666666667,1.0,0.5,125.6
22,44,45,0.15,0.15,"(4,)",15,70,0.1,True,5,-124.93333333333334,-116.93333333333334,1.0,0.5,125.6
22,45,45,0.15,0.15,"(4,)",15,70,0.1,True,5,-117.6,-119.2,1.0,0.5,125.6
22,46,45,0.15,0.15,"(4,)",15,70,0.1,True,5,-117.8,-113.4,1.0,0.5,125.6
22,47,45,0.15,0.15,"(4,)",15,70,0.1,True,5,-119.2,-113.06666666666666,1.0,0.5,125.6
22,48,45,0.15,0.15,"(4,)",15,70,0.1,True,5,-121.06666666666666,-115.86666666666666,1.0,0.5,125.6
22,49,45,0.15,0.15,"(4,)",15,70,0.1,True,5,-114.26666666666667,-109.66666666666667,1.0,0.5,125.6
22,50,45,0.15,0.15,"(4,)",15,70,0.1,True,5,-110.86666666666666,-117.8,1.0,0.5,125.6
22,51,45,0.15,0.15,"(4,)",15,70,0.1,True,5,-133.6,-122.93333333333334,1.0,0.5,125.6
22,52,45,0.15,0.15,"(4,)",15,70,0.1,True,5,-121.46666666666667,-117.33333333333333,1.0,0.5,125.6
22,53,45,0.15,0.15,"(4,)",15,70,0.1,True,5,-128.2,-115.73333333333333,1.0,0.5,125.6
22,54,45,0.15,0.15,"(4,)",15,70,0.1,True,5,-111.8,-108.66666666666667,1.0,0.5,125.6
22,55,45,0.15,0.15,"(4,)",15,70,0.1,True,5,-115.0,-119.4,1.0,0.5,125.6
22,56,45,0.15,0.15,"(4,)",15,70,0.1,True,5,-124.0,-114.2,1.0,0.5,125.6
22,57,45,0.15,0.15,"(4,)",15,70,0.1,True,5,-125.06666666666666,-116.0,1.0,0.5,125.6
22,58,45,0.15,0.15,"(4,)",15,70,0.1,True,5,-117.86666666666666,-111.86666666666666,1.0,0.5,125.6
22,59,45,0.15,0.15,"(4,)",15,70,0.1,True,5,-117.73333333333333,-114.0,1.0,0.5,125.6
22,60,45,0.15,0.15,"(4,)",15,70,0.1,True,5,-122.66666666666667,-114.66666666666667,1.0,0.5,125.6
22,61,45,0.15,0.15,"(4,)",15,70,0.1,True,5,-110.46666666666667,-115.53333333333333,1.0,0.5,125.6
22,62,45,0.15,0.15,"(4,)",15,70,0.1,True,5,-111.0,-109.26666666666667,1.0,0.5,125.6
22,63,45,0.15,0.15,"(4,)",15,70,0.1,True,5,-119.13333333333334,-118.66666666666667,1.0,0.5,125.6
22,64,45,0.15,0.15,"(4,)",15,70,0.1,True,5,-120.33333333333333,-119.0,1.0,0.5,125.6
22,65,45,0.15,0.15,"(4,)",15,70,0.1,True,5,-114.0,-111.4,1.0,0.5,125.6
22,66,45,0.15,0.15,"(4,)",15,70,0.1,True,5,-117.6,-116.86666666666666,1.0,0.5,125.6
22,67,45,0.15,0.15,"(4,)",15,70,0.1,True,5,-119.2,-107.6,1.0,0.5,125.6
22,68,45,0.15,0.15,"(4,)",15,70,0.1,True,5,-115.4,-113.86666666666666,1.0,0.5,125.6
22,69,45,0.15,0.15,"(4,)",15,70,0.1,True,5,-102.73333333333333,-110.73333333333333,1.0,0.5,125.6
33,0,45,0.15,0.15,"(4,)",15,70,0.1,True,5,-646.5333333333333,-245.06666666666666,1.0,0.5,87.7
33,1,45,0.15,0.15,"(4,)",15,70,0.1,True,5,-384.53333333333336,-187.26666666666668,1.0,0.5,87.7
33,2,45,0.15,0.15,"(4,)",15,70,0.1,True,5,-265.4,-179.06666666666666,1.0,0.5,87.7
33,3,45,0.15,0.15,"(4,)",15,70,0.1,True,5,-222.8,-178.8,1.0,0.5,87.7
33,4,45,0.15,0.15,"(4,)",15,70,0.1,True,5,-217.66666666666666,-196.06666666666666,1.0,0.5,87.7
33,5,45,0.15,0.15,"(4,)",15,70,0.1,True,5,-200.66666666666666,-185.0,1.0,0.5,87.7
33,6,45,0.15,0.15,"(4,)",15,70,0.1,True,5,-194.53333333333333,-169.86666666666667,1.0,0.5,87.7
33,7,45,0.15,0.15,"(4,)",15,70,0.1,True,5,-199.86666666666667,-151.06666666666666,1.0,0.5,87.7
33,8,45,0.15,0.15,"(4,)",15,70,0.1,True,5,-183.13333333333333,-143.53333333333333,1.0,0.5,87.7
33,9,45,0.15,0.15,"(4,)",15,70,0.1,True,5,-167.8,-162.6,1.0,0.5,87.7
33,10,45,0.15,0.15,"(4,)",15,70,0.1,True,5,-186.06666666666666,-152.73333333333332,1.0,0.5,87.7
33,11,45,0.15,0.15,"(4,)",15,70,0.1,True,5,-170.53333333333333,-143.66666666666666,1.0,0.5,87.7
33,12,45,0.15,0.15,"(4,)",15,70,0.1,True,5,-166.06666666666666,-138.93333333333334,1.0,0.5,87.7
33,13,45,0.15,0.15,"(4,)",15,70,0.1,True,5,-145.26666666666668,-126.0,1.0,0.5,87.7
33,14,45,0.15,0.15,"(4,)",15,70,0.1,True,5,-145.73333333333332,-141.4,1.0,0.5,87.7
33,15,45,0.15,0.15,"(4,)",15,70,0.1,True,5,-146.2,-130.26666666666668,1.0,0.5,87.7
33,16,45,0.15,0.15,"(4,)",15,70,0.1,True,5,-153.13333333333333,-128.26666666666668,1.0,0.5,87.7
33,17,45,0.15,0.15,"(4,)",15,70,0.1,True,5,-128.2,-129.2,1.0,0.5,87.7
33,18,45,0.15,0.15,"(4,)",15,70,0.1,True,5,-128.33333333333334,-118.2,1.0,0.5,87.7
33,19,45,0.15,0.15,"(4,)",15,70,0.1,True,5,-137.2,-126.73333333333333,1.0,0.5,87.7
33,20,45,0.15,0.15,"(4,)",15,70,0.1,True,5,-145.46666666666667,-128.73333333333332,1.0,0.5,87.7
33,21,45,0.15,0.15,"(4,)",15,70,0.1,True,5,-131.26666666666668,-128.33333333333334,1.0,0.5,87.7
33,22,45,0.15,0.15,"(4,)",15,70,0.1,True,5,-136.13333333333333,-125.53333333333333,1.0,0.5,87.7
33,23,45,0.15,0.15,"(4,)",15,70,0.1,True,5,-135.2,-123.0,1.0,0.5,87.7
33,24,45,0.15,0.15,"(4,)",15,70,0.1,True,5,-133.86666666666667,-124.4,1.0,0.5,87.7
33,25,45,0.15,0.15,"(4,)",15,70,0.1,True,5,-122.0,-107.13333333333334,1.0,0.5,87.7
33,26,45,0.15,0.15,"(4,)",15,70,0.1,True,5,-129.86666666666667,-114.13333333333334,1.0,0.5,87.7
33,27,45,0.15,0.15,"(4,)",15,70,0.1,True,5,-124.86666666666666,-118.6,1.0,0.5,87.7
33,28,45,0.15,0.15,"(4,)",15,70,0.1,True,5,-125.8,-117.66666666666667,1.0,0.5,87.7
33,29,45,0.15,0.15,"(4,)",15,70,0.1,True,5,-120.0,-113.86666666666666,1.0,0.5,87.7
33,30,45,0.15,0.15,"(4,)",15,70,0.1,True,5,-133.53333333333333,-120.73333333333333,1.0,0.5,87.7
33,31,45,0.15,0.15,"(4,)",15,70,0.1,True,5,-125.33333333333333,-117.8,1.0,0.5,87.7
33,32,45,0.15,0.15,"(4,)",15,70,0.1,True,5,-121.0,-113.2,1.0,0.5,87.7
33,33,45,0.15,0.15,"(4,)",15,70,0.1,True,5,-115.53333333333333,-116.46666666666667,1.0,0.5,87.7
33,34,45,0.15,0.15,"(4,)",15,70,0.1,True,5,-125.13333333333334,-114.13333333333334,1.0,0.5,87.7
33,35,45,0.15,0.15,"(4,)",15,70,0.1,True,5,-113.66666666666667,-114.73333333333333,1.0,0.5,87.7
33,36,45,0.15,0.15,"(4,)",15,70,0.1,True,5,-118.53333333333333,-114.46666666666667,1.0,0.5,87.7
33,37,45,0.15,0.15,"(4,)",15,70,0.1,True,5,-119.93333333333334,-119.46666666666667,1.0,0.5,87.7
33,38,45,0.15,0.15,"(4,)",15,70,0.1,True,5,-120.93333333333334,-111.93333333333334,1.0,0.5,87.7
33,39,45,0.15,0.15,"(4,)",15,70,0.1,True,5,-120.86666666666666,-115.4,1.0,0.5,87.7
33,40,45,0.15,0.15,"(4,)",15,70,0.1,True,5,-123.0,-114.6,1.0,0.5,87.7
33,41,45,0.15,0.15,"(4,)",15,70,0.1,True,5,-112.0,-114.26666666666667,1.0,0.5,87.7
33,42,45,0.15,0.15,"(4,)",15,70,0.1,True,5,-123.26666666666667,-114.93333333333334,1.0,0.5,87.7
33,43,45,0.15,0.15,"(4,)",15,70,0.1,True,5,-118.66666666666667,-115.6,1.0,0.5,87.7
33,44,45,0.15,0.15,"(4,)",15,70,0.1,True,5,-113.53333333333333,-113.13333333333334,1.0,0.5,87.7
33,45,45,0.15,0.15,"(4,)",15,70,0.1,True,5,-125.6,-115.66666666666667,1.0,0.5,87.7
33,46,45,0.15,0.15,"(4,)",15,70,0.1,True,5,-113.53333333333333,-108.93333333333334,1.0,0.5,87.7
33,47,45,0.15,0.15,"(4,)",15,70,0.1,True,5,-119.4,-119.26666666666667,1.0,0.5,87.7
33,48,45,0.15,0.15,"(4,)",15,70,0.1,True,5,-114.66666666666667,-108.13333333333334,1.0,0.5,87.7
33,49,45,0.15,0.15,"(4,)",15,70,0.1,True,5,-113.73333333333333,-108.6,1.0,0.5,87.7
33,50,45,0.15,0.15,"(4,)",15,70,0.1,True,5,-111.13333333333334,-118.86666666666666,1.0,0.5,87.7
33,51,45,0.15,0.15,"(4,)",15,70,0.1,True,5,-114.93333333333334,-114.33333333333333,1.0,0.5,87.7
33,52,45,0.15,0.15,"(4,)",15,70,0.1,True,5,-114.93333333333334,-111.73333333333333,1.0,0.5,87.7
33,53,45,0.15,0.15,"(4,)",15,70,0.1,True,5,-141.73333333333332,-113.66666666666667,1.0,0.5,87.7
33,54,45,0.15,0.15,"(4,)",15,70,0.1,True,5,-118.06666666666666,-118.73333333333333,1.0,0.5,87.7
33,55,45,0.15,0.15,"(4,)",15,70,0.1,True,5,-123.53333333333333,-115.0,1.0,0.5,87.7
33,56,45,0.15,0.15,"(4,)",15,70,0.1,True,5,-121.8,-113.4,1.0,0.5,87.7
33,57,45,0.15,0.15,"(4,)",15,70,0.1,True,5,-131.26666666666668,-113.46666666666667,1.0,0.5,87.7
33,58,45,0.15,0.15,"(4,)",15,70,0.1,True,5,-122.73333333333333,-113.2,1.0,0.5,87.7
33,59,45,0.15,0.15,"(4,)",15,70,0.1,True,5,-127.13333333333334,-115.93333333333334,1.0,0.5,87.7
33,60,45,0.15,0.15,"(4,)",15,70,0.1,True,5,-121.2,-114.8,1.0,0.5,87.7
33,61,45,0.15,0.15,"(4,)",15,70,0.1,True,5,-113.4,-111.66666666666667,1.0,0.5,87.7
33,62,45,0.15,0.15,"(4,)",15,70,0.1,True,5,-107.46666666666667,-114.33333333333333,1.0,0.5,87.7
33,63,45,0.15,0.15,"(4,)",15,70,0.1,True,5,-124.8,-109.33333333333333,1.0,0.5,87.7
33,64,45,0.15,0.15,"(4,)",15,70,0.1,True,5,-121.2,-117.86666666666666,1.0,0.5,87.7
33,65,45,0.15,0.15,"(4,)",15,70,0.1,True,5,-121.6,-111.26666666666667,1.0,0.5,87.7
33,66,45,0.15,0.15,"(4,)",15,70,0.1,True,5,-120.6,-115.06666666666666,1.0,0.5,87.7
33,67,45,0.15,0.15,"(4,)",15,70,0.1,True,5,-116.6,-115.6,1.0,0.5,87.7
33,68,45,0.15,0.15,"(4,)",15,70,0.1,True,5,-123.8,-108.93333333333334,1.0,0.5,87.7
33,69,45,0.15,0.15,"(4,)",15,70,0.1,True,5,-106.46666666666667,-113.0,1.0,0.5,87.7
44,0,45,0.15,0.15,"(4,)",15,70,0.1,True,5,-1000.0,-391.46666666666664,0.0,-0.42043033136024766,87.5
44,1,45,0.15,0.15,"(4,)",15,70,0.1,True,5,-1000.0,-226.53333333333333,0.0,-0.06692091061827951,87.5
44,2,45,0.15,0.15,"(4,)",15,70,0.1,True,5,-513.2,-230.73333333333332,0.9333333333333333,0.48819959717039396,87.5
44,3,45,0.15,0.15,"(4,)",15,70,0.1,True,5,-300.8,-169.8,1.0,0.5,87.5
44,4,45,0.15,0.15,"(4,)",15,70,0.1,True,5,-238.73333333333332,-181.66666666666666,1.0,0.5,87.5
44,5,45,0.15,0.15,"(4,)",15,70,0.1,True,5,-216.73333333333332,-169.13333333333333,1.0,0.5,87.5
44,6,45,0.15,0.15,"(4,)",15,70,0.1,True,5,-187.93333333333334,-172.2,1.0,0.5,87.5
44,7,45,0.15,0.15,"(4,)",15,70,0.1,True,5,-172.26666666666668,-157.86666666666667,1.0,0.5,87.5
44,8,45,0.15,0.15,"(4,)",15,70,0.1,True,5,-174.06666666666666,-163.2,1.0,0.5,87.5
44,9,45,0.15,0.15,"(4,)",15,70,0.1,True,5,-171.0,-145.66666666666666,1.0,0.5,87.5
44,10,45,0.15,0.15,"(4,)",15,70,0.1,True,5,-169.0,-146.8,1.0,0.5,87.5
44,11,45,0.15,0.15,"(4,)",15,70,0.1,True,5,-157.93333333333334,-130.13333333333333,1.0,0.5,87.5
44,12,45,0.15,0.15,"(4,)",15,70,0.1,True,5,-145.13333333333333,-131.6,1.0,0.5,87.5
44,13,45,0.15,0.15,"(4,)",15,70,0.1,True,5,-160.46666666666667,-133.53333333333333,1.0,0.5,87.5
44,14,45,0.15,0.15,"(4,)",15,70,0.1,True,5,-140.13333333333333,-126.6,1.0,0.5,87.5
44,15,45,0.15,0.15,"(4,)",15,70,0.1,True,5,-139.33333333333334,-118.4,1.0,0.5,87.5
44,16,45,0.15,0.15,"(4,)",15,70,0.1,True,5,-139.2,-136.2,1.0,0.5,87.5
44,17,45,0.15,0.15,"(4,)",15,70,0.1,True,5,-134.26666666666668,-129.53333333333333,1.0,0.5,87.5
44,18,45,0.15,0.15,"(4,)",15,70,0.1,True,5,-126.4,-127.8,1.0,0.5,87.5
44,19,45,0.15,0.15,"(4,)",15,70,0.1,True,5,-132.13333333333333,-120.6,1.0,0.5,87.5
44,20,45,0.15,0.15,"(4,)",15,70,0.1,True,5,-123.53333333333333,-130.8,1.0,0.5,87.5
44,21,45,0.15,0.15,"(4,)",15,70,0.1,True,5,-121.8,-122.46666666666667,1.0,0.5,87.5
44,22,45,0.15,0.15,"(4,)",15,70,0.1,True,5,-144.73333333333332,-115.13333333333334,1.0,0.5,87.5
44,23,45,0.15,0.15,"(4,)",15,70,0.1,True,5,-127.73333333333333,-116.93333333333334,1.0,0.5,87.5
44,24,45,0.15,0.15,"(4,)",15,70,0.1,True,5,-125.53333333333333,-127.13333333333334,1.0,0.5,87.5
44,25,45,0.15,0.15,"(4,)",15,70,0.1,True,5,-132.46666666666667,-118.8,1.0,0.5,87.5
44,26,45,0.15,0.15,"(4,)",15,70,0.1,True,5,-126.8,-118.86666666666666,1.0,0.5,87.5
44,27,45,0.15,0.15,"(4,)",15,70,0.1,True,5,-127.46666666666667,-121.06666666666666,1.0,0.5,87.5
44,28,45,0.15,0.15,"(4,)",15,70,0.1,True,5,-121.13333333333334,-112.66666666666667,1.0,0.5,87.5
44,29,45,0.15,0.15,"(4,)",15,70,0.1,True,5,-116.06666666666666,-117.73333333333333,1.0,0.5,87.5
44,30,45,0.15,0.15,"(4,)",15,70,0.1,True,5,-134.73333333333332,-118.4,1.0,0.5,87.5
44,31,45,0.15,0.15,"(4,)",15,70,0.1,True,5,-117.86666666666666,-116.6,1.0,0.5,87.5
44,32,45,0.15,0.15,"(4,)",15,70,0.1,True,5,-127.93333333333334,-118.0,1.0,0.5,87.5
44,33,45,0.15,0.15,"(4,)",15,70,0.1,True,5,-132.8,-115.86666666666666,1.0,0.5,87.5
44,34,45,0.15,0.15,"(4,)",15,70,0.1,True,5,-127.13333333333334,-117.86666666666666,1.0,0.5,87.5
44,35,45,0.15,0.15,"(4,)",15,70,0.1,True,5,-128.8,-115.33333333333333,1.0,0.5,87.5
44,36,45,0.15,0.15,"(4,)",15,70,0.1,True,5,-121.53333333333333,-115.93333333333334,1.0,0.5,87.5
44,37,45,0.15,0.15,"(4,)",15,70,0.1,True,5,-113.4,-116.13333333333334,1.0,0.5,87.5
44,38,45,0.15,0.15,"(4,)",15,70,0.1,True,5,-117.53333333333333,-109.46666666666667,1.0,0.5,87.5
44,39,45,0.15,0.15,"(4,)",15,70,0.1,True,5,-110.93333333333334,-117.73333333333333,1.0,0.5,87.5
44,40,45,0.15,0.15,"(4,)",15,70,0.1,True,5,-120.26666666666667,-116.73333333333333,1.0,0.5,87.5
44,41,45,0.15,0.15,"(4,)",15,70,0.1,True,5,-122.46666666666667,-116.93333333333334,1.0,0.5,87.5
44,42,45,0.15,0.15,"(4,)",15,70,0.1,True,5,-124.8,-112.8,1.0,0.5,87.5
44,43,45,0.15,0.15,"(4,)",15,70,0.1,True,5,-118.33333333333333,-109.6,1.0,0.5,87.5
44,44,45,0.15,0.15,"(4,)",15,70,0.1,True,5,-125.53333333333333,-111.6,1.0,0.5,87.5
44,45,45,0.15,0.15,"(4,)",15,70,0.1,True,5,-117.86666666666666,-116.06666666666666,1.0,0.5,87.5
44,46,45,0.15,0.15,"(4,)",15,70,0.1,True,5,-118.0,-111.2,1.0,0.5,87.5
44,47,45,0.15,0.15,"(4,)",15,70,0.1,True,5,-121.4,-114.26666666666667,1.0,0.5,87.5
44,48,45,0.15,0.15,"(4,)",15,70,0.1,True,5,-117.93333333333334,-112.4,1.0,0.5,87.5
44,49,45,0.15,0.15,"(4,)",15,70,0.1,True,5,-105.86666666666666,-112.2,1.0,0.5,87.5
44,50,45,0.15,0.15,"(4,)",15,70,0.1,True,5,-115.86666666666666,-114.53333333333333,1.0,0.5,87.5
44,51,45,0.15,0.15,"(4,)",15,70,0.1,True,5,-115.66666666666667,-111.73333333333333,1.0,0.5,87.5
44,52,45,0.15,0.15,"(4,)",15,70,0.1,True,5,-122.06666666666666,-109.93333333333334,1.0,0.5,87.5
44,53,45,0.15,0.15,"(4,)",15,70,0.1,True,5,-140.93333333333334,-110.0,1.0,0.5,87.5
44,54,45,0.15,0.15,"(4,)",15,70,0.1,True,5,-127.6,-111.2,1.0,0.5,87.5
44,55,45,0.15,0.15,"(4,)",15,70,0.1,True,5,-116.33333333333333,-112.26666666666667,1.0,0.5,87.5
44,56,45,0.15,0.15,"(4,)",15,70,0.1,True,5,-115.86666666666666,-113.33333333333333,1.0,0.5,87.5
44,57,45,0.15,0.15,"(4,)",15,70,0.1,True,5,-121.46666666666667,-108.33333333333333,1.0,0.5,87.5
44,58,45,0.15,0.15,"(4,)",15,70,0.1,True,5,-122.33333333333333,-112.33333333333333,1.0,0.5,87.5
44,59,45,0.15,0.15,"(4,)",15,70,0.1,True,5,-123.73333333333333,-108.4,1.0,0.5,87.5
44,60,45,0.15,0.15,"(4,)",15,70,0.1,True,5,-118.53333333333333,-110.73333333333333,1.0,0.5,87.5
44,61,45,0.15,0.15,"(4,)",15,70,0.1,True,5,-116.46666666666667,-110.13333333333334,1.0,0.5,87.5
44,62,45,0.15,0.15,"(4,)",15,70,0.1,True,5,-105.46666666666667,-111.8,1.0,0.5,87.5
44,63,45,0.15,0.15,"(4,)",15,70,0.1,True,5,-116.6,-104.73333333333333,1.0,0.5,87.5
44,64,45,0.15,0.15,"(4,)",15,70,0.1,True,5,-111.0,-112.06666666666666,1.0,0.5,87.5
44,65,45,0.15,0.15,"(4,)",15,70,0.1,True,5,-114.86666666666666,-108.86666666666666,1.0,0.5,87.5
44,66,45,0.15,0.15,"(4,)",15,70,0.1,True,5,-117.73333333333333,-110.66666666666667,1.0,0.5,87.5
44,67,45,0.15,0.15,"(4,)",15,70,0.1,True,5,-112.06666666666666,-104.06666666666666,1.0,0.5,87.5
44,68,45,0.15,0.15,"(4,)",15,70,0.1,True,5,-115.26666666666667,-115.4,1.0,0.5,87.5
44,69,45,0.15,0.15,"(4,)",15,70,0.1,True,5,-106.4,-109.6,1.0,0.5,87.5
55,0,45,0.15,0.15,"(4,)",15,70,0.1,True,5,-838.9333333333333,-213.8,0.5333333333333333,0.20688130470363747,80.7
55,1,45,0.15,0.15,"(4,)",15,70,0.1,True,5,-452.8666666666667,-188.33333333333334,1.0,0.5,80.7
55,2,45,0.15,0.15,"(4,)",15,70,0.1,True,5,-304.6,-159.13333333333333,1.0,0.5,80.7
55,3,45,0.15,0.15,"(4,)",15,70,0.1,True,5,-235.26666666666668,-188.0,1.0,0.5,80.7
55,4,45,0.15,0.15,"(4,)",15,70,0.1,True,5,-213.73333333333332,-168.26666666666668,1.0,0.5,80.7
55,5,45,0.15,0.15,"(4,)",15,70,0.1,True,5,-203.8,-138.86666666666667,1.0,0.5,80.7
55,6,45,0.15,0.15,"(4,)",15,70,0.1,True,5,-175.33333333333334,-158.73333333333332,1.0,0.5,80.7
55,7,45,0.15,0.15,"(4,)",15,70,0.1,True,5,-169.6,-148.73333333333332,1.0,0.5,80.7
55,8,45,0.15,0.15,"(4,)",15,70,0.1,True,5,-156.86666666666667,-128.73333333333332,1.0,0.5,80.7
55,9,45,0.15,0.15,"(4,)",15,70,0.1,True,5,-163.06666666666666,-141.13333333333333,1.0,0.5,80.7
55,10,45,0.15,0.15,"(4,)",15,70,0.1,True,5,-149.8,-138.66666666666666,1.0,0.5,80.7
55,11,45,0.15,0.15,"(4,)",15,70,0.1,True,5,-142.93333333333334,-127.6,1.0,0.5,80.7
55,12,45,0.15,0.15,"(4,)",15,70,0.1,True,5,-146.13333333333333,-117.73333333333333,1.0,0.5,80.7
55,13,45,0.15,0.15,"(4,)",15,70,0.1,True,5,-128.46666666666667,-121.4,1.0,0.5,80.7
55,14,45,0.15,0.15,"(4,)",15,70,0.1,True,5,-127.73333333333333,-132.06666666666666,1.0,0.5,80.7
55,15,45,0.15,0.15,"(4,)",15,70,0.1,True,5,-139.73333333333332,-130.26666666666668,1.0,0.5,80.7
55,16,45,0.15,0.15,"(4,)",15,70,0.1,True,5,-139.73333333333332,-129.73333333333332,1.0,0.5,80.7
55,17,45,0.15,0.15,"(4,)",15,70,0.1,True,5,-130.66666666666666,-118.0,1.0,0.5,80.7
55,18,45,0.15,0.15,"(4,)",15,70,0.1,True,5,-123.93333333333334,-122.13333333333334,1.0,0.5,80.7
55,19,45,0.15,0.15,"(4,)",15,70,0.1,True,5,-129.93333333333334,-127.0,1.0,0.5,80.7
55,20,45,0.15,0.15,"(4,)",15,70,0.1,True,5,-126.6,-118.46666666666667,1.0,0.5,80.7
55,21,45,0.15,0.15,"(4,)",15,70,0.1,True,5,-128.53333333333333,-123.26666666666667,1.0,0.5,80.7
55,22,45,0.15,0.15,"(4,)",15,70,0.1,True,5,-147.26666666666668,-116.86666666666666,1.0,0.5,80.7
55,23,45,0.15,0.15,"(4,)",15,70,0.1,True,5,-122.2,-118.86666666666666,1.0,0.5,80.7
55,24,45,0.15,0.15,"(4,)",15,70,0.1,True,5,-130.06666666666666,-116.06666666666666,1.0,0.5,80.7
55,25,45,0.15,0.15,"(4,)",15,70,0.1,True,5,-130.86666666666667,-117.93333333333334,1.0,0.5,80.7
55,26,45,0.15,0.15,"(4,)",15,70,0.1,True,5,-121.73333333333333,-110.13333333333334,1.0,0.5,80.7
55,27,45,0.15,0.15,"(4,)",15,70,0.1,True,5,-120.53333333333333,-121.73333333333333,1.0,0.5,80.7
55,28,45,0.15,0.15,"(4,)",15,70,0.1,True,5,-125.0,-120.4,1.0,0.5,80.7
55,29,45,0.15,0.15,"(4,)",15,70,0.1,True,5,-131.06666666666666,-110.33333333333333,1.0,0.5,80.7
55,30,45,0.15,0.15,"(4,)",15,70,0.1,True,5,-127.13333333333334,-118.53333333333333,1.0,0.5,80.7
55,31,45,0.15,0.15,"(4,)",15,70,0.1,True,5,-119.2,-113.13333333333334,1.0,0.5,80.7
55,32,45,0.15,0.15,"(4,)",15,70,0.1,True,5,-121.13333333333334,-116.86666666666666,1.0,0.5,80.7
55,33,45,0.15,0.15,"(4,)",15,70,0.1,True,5,-116.33333333333333,-113.06666666666666,1.0,0.5,80.7
55,34,45,0.15,0.15,"(4,)",15,70,0.1,True,5,-125.2,-110.86666666666666,1.0,0.5,80.7
55,35,45,0.15,0.15,"(4,)",15,70,0.1,True,5,-119.66666666666667,-114.93333333333334,1.0,0.5,80.7
55,36,45,0.15,0.15,"(4,)",15,70,0.1,True,5,-117.06666666666666,-108.06666666666666,1.0,0.5,80.7
55,37,45,0.15,0.15,"(4,)",15,70,0.1,True,5,-115.86666666666666,-109.86666666666666,1.0,0.5,80.7
55,38,45,0.15,0.15,"(4,)",15,70,0.1,True,5,-114.93333333333334,-113.06666666666666,1.0,0.5,80.7
55,39,45,0.15,0.15,"(4,)",15,70,0.1,True,5,-116.53333333333333,-114.6,1.0,0.5,80.7
55,40,45,0.15,0.15,"(4,)",15,70,0.1,True,5,-136.66666666666666,-114.8,1.0,0.5,80.7
55,41,45,0.15,0.15,"(4,)",15,70,0.1,True,5,-120.66666666666667,-115.86666666666666,1.0,0.5,80.7
55,42,45,0.15,0.15,"(4,)",15,70,0.1,True,5,-126.8,-113.13333333333334,1.0,0.5,80.7
55,43,45,0.15,0.15,"(4,)",15,70,0.1,True,5,-110.93333333333334,-113.26666666666667,1.0,0.5,80.7
55,44,45,0.15,0.15,"(4,)",15,70,0.1,True,5,-126.73333333333333,-116.33333333333333,1.0,0.5,80.7
55,45,45,0.15,0.15,"(4,)",15,70,0.1,True,5,-120.46666666666667,-111.53333333333333,1.0,0.5,80.7
55,46,45,0.15,0.15,"(4,)",15,70,0.1,True,5,-111.8,-115.0,1.0,0.5,80.7
55,47,45,0.15,0.15,"(4,)",15,70,0.1,True,5,-112.73333333333333,-113.2,1.0,0.5,80.7
55,48,45,0.15,0.15,"(4,)",15,70,0.1,True,5,-120.0,-107.06666666666666,1.0,0.5,80.7
55,49,45,0.15,0.15,"(4,)",15,70,0.1,True,5,-117.93333333333334,-112.2,1.0,0.5,80.7
55,50,45,0.15,0.15,"(4,)",15,70,0.1,True,5,-111.46666666666667,-113.46666666666667,1.0,0.5,80.7
55,51,45,0.15,0.15,"(4,)",15,70,0.1,True,5,-113.86666666666666,-110.0,1.0,0.5,80.7
55,52,45,0.15,0.15,"(4,)",15,70,0.1,True,5,-113.13333333333334,-112.86666666666666,1.0,0.5,80.7
55,53,45,0.15,0.15,"(4,)",15,70,0.1,True,5,-144.53333333333333,-113.4,1.0,0.5,80.7
55,54,45,0.15,0.15,"(4,)",15,70,0.1,True,5,-132.06666666666666,-115.2,1.0,0.5,80.7
55,55,45,0.15,0.15,"(4,)",15,70,0.1,True,5,-114.53333333333333,-115.8,1.0,0.5,80.7
55,56,45,0.15,0.15,"(4,)",15,70,0.1,True,5,-122.66666666666667,-114.06666666666666,1.0,0.5,80.7
55,57,45,0.15,0.15,"(4,)",15,70,0.1,True,5,-133.26666666666668,-117.0,1.0,0.5,80.7
55,58,45,0.15,0.15,"(4,)",15,70,0.1,True,5,-114.66666666666667,-111.13333333333334,1.0,0.5,80.7
55,59,45,0.15,0.15,"(4,)",15,70,0.1,True,5,-116.66666666666667,-108.26666666666667,1.0,0.5,80.7
55,60,45,0.15,0.15,"(4,)",15,70,0.1,True,5,-117.2,-113.86666666666666,1.0,0.5,80.7
55,61,45,0.15,0.15,"(4,)",15,70,0.1,True,5,-110.73333333333333,-112.13333333333334,1.0,0.5,80.7
55,62,45,0.15,0.15,"(4,)",15,70,0.1,True,5,-104.8,-109.2,1.0,0.5,80.7
55,63,45,0.15,0.15,"(4,)",15,70,0.1,True,5,-116.2,-105.2,1.0,0.5,80.7
55,64,45,0.15,0.15,"(4,)",15,70,0.1,True,5,-116.0,-110.8,1.0,0.5,80.7
55,65,45,0.15,0.15,"(4,)",15,70,0.1,True,5,-117.46666666666667,-110.2,1.0,0.5,80.7
55,66,45,0.15,0.15,"(4,)",15,70,0.1,True,5,-112.8,-107.6,1.0,0.5,80.7
55,67,45,0.15,0.15,"(4,)",15,70,0.1,True,5,-119.66666666666667,-111.46666666666667,1.0,0.5,80.7
55,68,45,0.15,0.15,"(4,)",15,70,0.1,True,5,-112.93333333333334,-106.06666666666666,1.0,0.5,80.7
55,69,45,0.15,0.15,"(4,)",15,70,0.1,True,5,-105.6,-112.8,1.0,0.5,80.7
66,0,45,0.15,0.15,"(4,)",15,70,0.1,True,5,-1000.0,-1000.0,0.0,-0.4084207347659419,121.7
66,1,45,0.15,0.15,"(4,)",15,70,0.1,True,5,-1000.0,-1000.0,0.0,-0.3499971403511638,121.7
66,2,45,0.15,0.15,"(4,)",15,70,0.1,True,5,-1000.0,-1000.0,0.0,-0.3963187702166816,121.7
66,3,45,0.15,0.15,"(4,)",15,70,0.1,True,5,-1000.0,-1000.0,0.0,-0.3751256083916797,121.7
66,4,45,0.15,0.15,"(4,)",15,70,0.1,True,5,-1000.0,-1000.0,0.0,-0.3816353340506734,121.7
66,5,45,0.15,0.15,"(4,)",15,70,0.1,True,5,-1000.0,-1000.0,0.0,-0.39618155991435156,121.7
66,6,45,0.15,0.15,"(4,)",15,70,0.1,True,5,-1000.0,-770.0666666666667,0.0,-0.3691919251574843,121.7
66,7,45,0.15,0.15,"(4,)",15,70,0.1,True,5,-1000.0,-718.8666666666667,0.0,-0.34215704137511804,121.7
66,8,45,0.15,0.15,"(4,)",15,70,0.1,True,5,-1000.0,-458.6666666666667,0.0,-0.3194560032528565,121.7
66,9,45,0.15,0.15,"(4,)",15,70,0.1,True,5,-1000.0,-277.8666666666667,0.0,-0.3267854787198006,121.7
66,10,45,0.15,0.15,"(4,)",15,70,0.1,True,5,-1000.0,-248.46666666666667,0.0,-0.28154715052785856,121.7
66,11,45,0.15,0.15,"(4,)",15,70,0.1,True,5,-1000.0,-200.8,0.0,-0.007479931557254553,121.7
66,12,45,0.15,0.15,"(4,)",15,70,0.1,True,5,-592.9333333333333,-183.6,0.9333333333333333,0.4991831573395782,121.7
66,13,45,0.15,0.15,"(4,)",15,70,0.1,True,5,-281.0,-179.6,1.0,0.5,121.7
66,14,45,0.15,0.15,"(4,)",15,70,0.1,True,5,-209.73333333333332,-149.73333333333332,1.0,0.5,121.7
66,15,45,0.15,0.15,"(4,)",15,70,0.1,True,5,-194.53333333333333,-158.53333333333333,1.0,0.5,121.7
66,16,45,0.15,0.15,"(4,)",15,70,0.1,True,5,-191.2,-131.6,1.0,0.5,121.7
66,17,45,0.15,0.15,"(4,)",15,70,0.1,True,5,-157.2,-137.86666666666667,1.0,0.5,121.7
66,18,45,0.15,0.15,"(4,)",15,70,0.1,True,5,-172.8,-142.46666666666667,1.0,0.5,121.7
66,19,45,0.15,0.15,"(4,)",15,70,0.1,True,5,-152.66666666666666,-133.86666666666667,1.0,0.5,121.7
66,20,45,0.15,0.15,"(4,)",15,70,0.1,True,5,-136.2,-132.26666666666668,1.0,0.5,121.7
66,21,45,0.15,0.15,"(4,)",15,70,0.1,True,5,-152.93333333333334,-132.06666666666666,1.0,0.5,121.7
66,22,45,0.15,0.15,"(4,)",15,70,0.1,True,5,-159.33333333333334,-132.73333333333332,1.0,0.5,121.7
66,23,45,0.15,0.15,"(4,)",15,70,0.1,True,5,-138.53333333333333,-134.73333333333332,1.0,0.5,121.7
66,24,45,0.15,0.15,"(4,)",15,70,0.1,True,5,-150.66666666666666,-127.93333333333334,1.0,0.5,121.7
66,25,45,0.15,0.15,"(4,)",15,70,0.1,True,5,-131.2,-126.46666666666667,1.0,0.5,121.7
66,26,45,0.15,0.15,"(4,)",15,70,0.1,True,5,-138.06666666666666,-122.4,1.0,0.5,121.7
66,27,45,0.15,0.15,"(4,)",15,70,0.1,True,5,-121.73333333333333,-133.8,1.0,0.5,121.7
66,28,45,0.15,0.15,"(4,)",15,70,0.1,True,5,-134.2,-131.53333333333333,1.0,0.5,121.7
66,29,45,0.15,0.15,"(4,)",15,70,0.1,True,5,-133.06666666666666,-122.13333333333334,1.0,0.5,121.7
66,30,45,0.15,0.15,"(4,)",15,70,0.1,True,5,-134.46666666666667,-133.33333333333334,1.0,0.5,121.7
66,31,45,0.15,0.15,"(4,)",15,70,0.1,True,5,-134.53333333333333,-122.8,1.0,0.5,121.7
66,32,45,0.15,0.15,"(4,)",15,70,0.1,True,5,-145.53333333333333,-118.8,1.0,0.5,121.7
66,33,45,0.15,0.15,"(4,)",15,70,0.1,True,5,-125.6,-118.93333333333334,1.0,0.5,121.7
66,34,45,0.15,0.15,"(4,)",15,70,0.1,True,5,-133.6,-120.8,1.0,0.5,121.7
66,35,45,0.15,0.15,"(4,)",15,70,0.1,True,5,-123.0,-109.86666666666666,1.0,0.5,121.7
66,36,45,0.15,0.15,"(4,)",15,70,0.1,True,5,-126.46666666666667,-120.2,1.0,0.5,121.7
66,37,45,0.15,0.15,"(4,)",15,70,0.1,True,5,-123.33333333333333,-117.46666666666667,1.0,0.5,121.7
66,38,45,0.15,0.15,"(4,)",15,70,0.1,True,5,-116.2,-114.53333333333333,1.0,0.5,121.7
66,39,45,0.15,0.15,"(4,)",15,70,0.1,True,5,-120.06666666666666,-117.26666666666667,1.0,0.5,121.7
66,40,45,0.15,0.15,"(4,)",15,70,0.1,True,5,-126.66666666666667,-116.4,1.0,0.5,121.7
66,41,45,0.15,0.15,"(4,)",15,70,0.1,True,5,-121.46666666666667,-117.53333333333333,1.0,0.5,121.7
66,42,45,0.15,0.15,"(4,)",15,70,0.1,True,5,-127.73333333333333,-119.73333333333333,1.0,0.5,121.7
66,43,45,0.15,0.15,"(4,)",15,70,0.1,True,5,-116.53333333333333,-117.86666666666666,1.0,0.5,121.7
66,44,45,0.15,0.15,"(4,)",15,70,0.1,True,5,-137.26666666666668,-123.06666666666666,1.0,0.5,121.7
66,45,45,0.15,0.15,"(4,)",15,70,0.1,True,5,-126.2,-111.26666666666667,1.0,0.5,121.7
66,46,45,0.15,0.15,"(4,)",15,70,0.1,True,5,-116.26666666666667,-110.46666666666667,1.0,0.5,121.7
66,47,45,0.15,0.15,"(4,)",15,70,0.1,True,5,-115.06666666666666,-113.26666666666667,1.0,0.5,121.7
66,48,45,0.15,0.15,"(4,)",15,70,0.1,True,5,-120.13333333333334,-114.73333333333333,1.0,0.5,121.7
66,49,45,0.15,0.15,"(4,)",15,70,0.1,True,5,-115.2,-116.13333333333334,1.0,0.5,121.7
66,50,45,0.15,0.15,"(4,)",15,70,0.1,True,5,-115.26666666666667,-118.13333333333334,1.0,0.5,121.7
66,51,45,0.15,0.15,"(4,)",15,70,0.1,True,5,-115.73333333333333,-118.4,1.0,0.5,121.7
66,52,45,0.15,0.15,"(4,)",15,70,0.1,True,5,-121.06666666666666,-116.86666666666666,1.0,0.5,121.7
66,53,45,0.15,0.15,"(4,)",15,70,0.1,True,5,-128.66666666666666,-110.46666666666667,1.0,0.5,121.7
66,54,45,0.15,0.15,"(4,)",15,70,0.1,True,5,-118.66666666666667,-112.66666666666667,1.0,0.5,121.7
66,55,45,0.15,0.15,"(4,)",15,70,0.1,True,5,-121.4,-115.0,1.0,0.5,121.7
66,56,45,0.15,0.15,"(4,)",15,70,0.1,True,5,-121.66666666666667,-114.33333333333333,1.0,0.5,121.7
66,57,45,0.15,0.15,"(4,)",15,70,0.1,True,5,-127.66666666666667,-110.53333333333333,1.0,0.5,121.7
66,58,45,0.15,0.15,"(4,)",15,70,0.1,True,5,-117.06666666666666,-108.86666666666666,1.0,0.5,121.7
66,59,45,0.15,0.15,"(4,)",15,70,0.1,True,5,-124.86666666666666,-111.93333333333334,1.0,0.5,121.7
66,60,45,0.15,0.15,"(4,)",15,70,0.1,True,5,-113.06666666666666,-114.53333333333333,1.0,0.5,121.7
66,61,45,0.15,0.15,"(4,)",15,70,0.1,True,5,-116.4,-107.66666666666667,1.0,0.5,121.7
66,62,45,0.15,0.15,"(4,)",15,70,0.1,True,5,-109.66666666666667,-112.53333333333333,1.0,0.5,121.7
66,63,45,0.15,0.15,"(4,)",15,70,0.1,True,5,-115.2,-112.93333333333334,1.0,0.5,121.7
66,64,45,0.15,0.15,"(4,)",15,70,0.1,True,5,-120.0,-105.13333333333334,1.0,0.5,121.7
66,65,45,0.15,0.15,"(4,)",15,70,0.1,True,5,-116.06666666666666,-116.0,1.0,0.5,121.7
66,66,45,0.15,0.15,"(4,)",15,70,0.1,True,5,-113.73333333333333,-99.4,1.0,0.5,121.7
66,67,45,0.15,0.15,"(4,)",15,70,0.1,True,5,-118.93333333333334,-109.4,1.0,0.5,121.7
66,68,45,0.15,0.15,"(4,)",15,70,0.1,True,5,-118.13333333333334,-112.73333333333333,1.0,0.5,121.7
66,69,45,0.15,0.15,"(4,)",15,70,0.1,True,5,-106.06666666666666,-112.2,1.0,0.5,121.7
77,0,45,0.15,0.15,"(4,)",15,70,0.1,True,5,-1000.0,-956.6666666666666,0.0,-0.31983008821397513,92.6
77,1,45,0.15,0.15,"(4,)",15,70,0.1,True,5,-1000.0,-241.93333333333334,0.0,-0.07717790778050125,92.6
77,2,45,0.15,0.15,"(4,)",15,70,0.1,True,5,-1000.0,-177.8,0.0,0.22775889745029435,92.6
77,3,45,0.15,0.15,"(4,)",15,70,0.1,True,5,-507.93333333333334,-167.8,0.9333333333333333,0.49590427984371,92.6
77,4,45,0.15,0.15,"(4,)",15,70,0.1,True,5,-256.8,-155.73333333333332,1.0,0.5,92.6
77,5,45,0.15,0.15,"(4,)",15,70,0.1,True,5,-187.86666666666667,-164.13333333333333,1.0,0.5,92.6
77,6,45,0.15,0.15,"(4,)",15,70,0.1,True,5,-170.93333333333334,-135.66666666666666,1.0,0.5,92.6
77,7,45,0.15,0.15,"(4,)",15,70,0.1,True,5,-181.2,-146.93333333333334,1.0,0.5,92.6
77,8,45,0.15,0.15,"(4,)",15,70,0.1,True,5,-167.46666666666667,-144.13333333333333,1.0,0.5,92.6
77,9,45,0.15,0.15,"(4,)",15,70,0.1,True,5,-149.6,-126.8,1.0,0.5,92.6
77,10,45,0.15,0.15,"(4,)",15,70,0.1,True,5,-147.4,-130.46666666666667,1.0,0.5,92.6
77,11,45,0.15,0.15,"(4,)",15,70,0.1,True,5,-154.2,-126.2,1.0,0.5,92.6
77,12,45,0.15,0.15,"(4,)",15,70,0.1,True,5,-137.4,-121.13333333333334,1.0,0.5,92.6
77,13,45,0.15,0.15,"(4,)",15,70,0.1,True,5,-132.0,-124.33333333333333,1.0,0.5,92.6
77,14,45,0.15,0.15,"(4,)",15,70,0.1,True,5,-131.4,-114.73333333333333,1.0,0.5,92.6
77,15,45,0.15,0.15,"(4,)",15,70,0.1,True,5,-131.13333333333333,-122.2,1.0,0.5,92.6
77,16,45,0.15,0.15,"(4,)",15,70,0.1,True,5,-130.2,-117.93333333333334,1.0,0.5,92.6
77,17,45,0.15,0.15,"(4,)",15,70,0.1,True,5,-122.33333333333333,-123.8,1.0,0.5,92.6
77,18,45,0.15,0.15,"(4,)",15,70,0.1,True,5,-123.86666666666666,-120.26666666666667,1.0,0.5,92.6
77,19,45,0.15,0.15,"(4,)",15,70,0.1,True,5,-125.06666666666666,-124.86666666666666,1.0,0.5,92.6
77,20,45,0.15,0.15,"(4,)",15,70,0.1,True,5,-141.73333333333332,-126.13333333333334,1.0,0.5,92.6
77,21,45,0.15,0.15,"(4,)",15,70,0.1,True,5,-135.0,-130.4,1.0,0.5,92.6
77,22,45,0.15,0.15,"(4,)",15,70,0.1,True,5,-132.2,-126.73333333333333,1.0,0.5,92.6
77,23,45,0.15,0.15,"(4,)",15,70,0.1,True,5,-126.66666666666667,-116.86666666666666,1.0,0.5,92.6
77,24,45,0.15,0.15,"(4,)",15,70,0.1,True,5,-120.6,-119.26666666666667,1.0,0.5,92.6
77,25,45,0.15,0.15,"(4,)",15,70,0.1,True,5,-117.13333333333334,-125.06666666666666,1.0,0.5,92.6
77,26,45,0.15,0.15,"(4,)",15,70,0.1,True,5,-124.8,-118.2,1.0,0.5,92.6
77,27,45,0.15,0.15,"(4,)",15,70,0.1,True,5,-121.53333333333333,-118.46666666666667,1.0,0.5,92.6
77,28,45,0.15,0.15,"(4,)",15,70,0.1,True,5,-129.46666666666667,-111.73333333333333,1.0,0.5,92.6
77,29,45,0.15,0.15,"(4,)",15,70,0.1,True,5,-123.66666666666667,-115.4,1.0,0.5,92.6
77,30,45,0.15,0.15,"(4,)",15,70,0.1,True,5,-134.33333333333334,-123.13333333333334,1.0,0.5,92.6
77,31,45,0.15,0.15,"(4,)",15,70,0.1,True,5,-122.33333333333333,-116.13333333333334,1.0,0.5,92.6
77,32,45,0.15,0.15,"(4,)",15,70,0.1,True,5,-123.86666666666666,-112.33333333333333,1.0,0.5,92.6
77,33,45,0.15,0.15,"(4,)",15,70,0.1,True,5,-122.13333333333334,-118.2,1.0,0.5,92.6
77,34,45,0.15,0.15,"(4,)",15,70,0.1,True,5,-135.13333333333333,-110.86666666666666,1.0,0.5,92.6
77,35,45,0.15,0.15,"(4,)",15,70,0.1,True,5,-114.93333333333334,-112.8,1.0,0.5,92.6
77,36,45,0.15,0.15,"(4,)",15,70,0.1,True,5,-124.73333333333333,-115.26666666666667,1.0,0.5,92.6
77,37,45,0.15,0.15,"(4,)",15,70,0.1,True,5,-117.26666666666667,-111.26666666666667,1.0,0.5,92.6
77,38,45,0.15,0.15,"(4,)",15,70,0.1,True,5,-125.4,-112.26666666666667,1.0,0.5,92.6
77,39,45,0.15,0.15,"(4,)",15,70,0.1,True,5,-120.0,-118.53333333333333,1.0,0.5,92.6
77,40,45,0.15,0.15,"(4,)",15,70,0.1,True,5,-117.8,-112.93333333333334,1.0,0.5,92.6
77,41,45,0.15,0.15,"(4,)",15,70,0.1,True,5,-124.2,-118.2,1.0,0.5,92.6
77,42,45,0.15,0.15,"(4,)",15,70,0.1,True,5,-118.66666666666667,-110.4,1.0,0.5,92.6
77,43,45,0.15,0.15,"(4,)",15,70,0.1,True,5,-111.46666666666667,-109.86666666666666,1.0,0.5,92.6
77,44,45,0.15,0.15,"(4,)",15,70,0.1,True,5,-122.53333333333333,-113.53333333333333,1.0,0.5,92.6
77,45,45,0.15,0.15,"(4,)",15,70,0.1,True,5,-115.93333333333334,-109.2,1.0,0.5,92.6
77,46,45,0.15,0.15,"(4,)",15,70,0.1,True,5,-117.6,-112.4,1.0,0.5,92.6
77,47,45,0.15,0.15,"(4,)",15,70,0.1,True,5,-117.2,-108.86666666666666,1.0,0.5,92.6
77,48,45,0.15,0.15,"(4,)",15,70,0.1,True,5,-114.13333333333334,-113.13333333333334,1.0,0.5,92.6
77,49,45,0.15,0.15,"(4,)",15,70,0.1,True,5,-118.13333333333334,-115.33333333333333,1.0,0.5,92.6
77,50,45,0.15,0.15,"(4,)",15,70,0.1,True,5,-114.8,-112.66666666666667,1.0,0.5,92.6
77,51,45,0.15,0.15,"(4,)",15,70,0.1,True,5,-124.33333333333333,-113.93333333333334,1.0,0.5,92.6
77,52,45,0.15,0.15,"(4,)",15,70,0.1,True,5,-117.86666666666666,-115.06666666666666,1.0,0.5,92.6
77,53,45,0.15,0.15,"(4,)",15,70,0.1,True,5,-131.2,-110.13333333333334,1.0,0.5,92.6
77,54,45,0.15,0.15,"(4,)",15,70,0.1,True,5,-118.53333333333333,-117.33333333333333,1.0,0.5,92.6
77,55,45,0.15,0.15,"(4,)",15,70,0.1,True,5,-116.0,-114.86666666666666,1.0,0.5,92.6
77,56,45,0.15,0.15,"(4,)",15,70,0.1,True,5,-127.93333333333334,-113.2,1.0,0.5,92.6
77,57,45,0.15,0.15,"(4,)",15,70,0.1,True,5,-131.4,-116.0,1.0,0.5,92.6
77,58,45,0.15,0.15,"(4,)",15,70,0.1,True,5,-120.4,-110.33333333333333,1.0,0.5,92.6
77,59,45,0.15,0.15,"(4,)",15,70,0.1,True,5,-124.4,-115.4,1.0,0.5,92.6
77,60,45,0.15,0.15,"(4,)",15,70,0.1,True,5,-126.26666666666667,-111.2,1.0,0.5,92.6
77,61,45,0.15,0.15,"(4,)",15,70,0.1,True,5,-117.8,-115.46666666666667,1.0,0.5,92.6
77,62,45,0.15,0.15,"(4,)",15,70,0.1,True,5,-109.93333333333334,-109.33333333333333,1.0,0.5,92.6
77,63,45,0.15,0.15,"(4,)",15,70,0.1,True,5,-111.93333333333334,-115.13333333333334,1.0,0.5,92.6
77,64,45,0.15,0.15,"(4,)",15,70,0.1,True,5,-139.33333333333334,-112.73333333333333,1.0,0.5,92.6
77,65,45,0.15,0.15,"(4,)",15,70,0.1,True,5,-119.0,-119.93333333333334,1.0,0.5,92.6
77,66,45,0.15,0.15,"(4,)",15,70,0.1,True,5,-128.13333333333333,-108.66666666666667,1.0,0.5,92.6
77,67,45,0.15,0.15,"(4,)",15,70,0.1,True,5,-119.26666666666667,-115.06666666666666,1.0,0.5,92.6
77,68,45,0.15,0.15,"(4,)",15,70,0.1,True,5,-119.6,-113.33333333333333,1.0,0.5,92.6
77,69,45,0.15,0.15,"(4,)",15,70,0.1,True,5,-110.53333333333333,-116.93333333333334,1.0,0.5,92.6
88,0,45,0.15,0.15,"(4,)",15,70,0.1,True,5,-1000.0,-1000.0,0.0,-0.49686820586009256,94.4
88,1,45,0.15,0.15,"(4,)",15,70,0.1,True,5,-1000.0,-451.8,0.0,-0.4755138815897237,94.4
88,2,45,0.15,0.15,"(4,)",15,70,0.1,True,5,-1000.0,-838.1333333333333,0.0,-0.4740507352410043,94.4
88,3,45,0.15,0.15,"(4,)",15,70,0.1,True,5,-1000.0,-1000.0,0.0,-0.41033023997292417,94.4
88,4,45,0.15,0.15,"(4,)",15,70,0.1,True,5,-1000.0,-403.0,0.0,-0.4303210277803466,94.4
88,5,45,0.15,0.15,"(4,)",15,70,0.1,True,5,-1000.0,-307.73333333333335,0.0,-0.391316031711714,94.4
88,6,45,0.15,0.15,"(4,)",15,70,0.1,True,5,-1000.0,-286.46666666666664,0.0,-0.023791689366044273,94.4
88,7,45,0.15,0.15,"(4,)",15,70,0.1,True,5,-608.4,-204.86666666666667,0.8666666666666667,0.48415093821613703,94.4
88,8,45,0.15,0.15,"(4,)",15,70,0.1,True,5,-295.8666666666667,-168.0,1.0,0.5,94.4
88,9,45,0.15,0.15,"(4,)",15,70,0.1,True,5,-252.0,-143.93333333333334,1.0,0.5,94.4
88,10,45,0.15,0.15,"(4,)",15,70,0.1,True,5,-195.6,-164.46666666666667,1.0,0.5,94.4
88,11,45,0.15,0.15,"(4,)",15,70,0.1,True,5,-177.53333333333333,-148.8,1.0,0.5,94.4
88,12,45,0.15,0.15,"(4,)",15,70,0.1,True,5,-175.2,-140.06666666666666,1.0,0.5,94.4
88,13,45,0.15,0.15,"(4,)",15,70,0.1,True,5,-153.26666666666668,-139.06666666666666,1.0,0.5,94.4
88,14,45,0.15,0.15,"(4,)",15,70,0.1,True,5,-162.06666666666666,-138.0,1.0,0.5,94.4
88,15,45,0.15,0.15,"(4,)",15,70,0.1,True,5,-141.4,-141.86666666666667,1.0,0.5,94.4
88,16,45,0.15,0.15,"(4,)",15,70,0.1,True,5,-156.8,-136.6,1.0,0.5,94.4
88,17,45,0.15,0.15,"(4,)",15,70,0.1,True,5,-155.4,-139.53333333333333,1.0,0.5,94.4
88,18,45,0.15,0.15,"(4,)",15,70,0.1,True,5,-147.4,-132.66666666666666,1.0,0.5,94.4
88,19,45,0.15,0.15,"(4,)",15,70,0.1,True,5,-135.4,-130.26666666666668,1.0,0.5,94.4
88,20,45,0.15,0.15,"(4,)",15,70,0.1,True,5,-134.66666666666666,-121.6,1.0,0.5,94.4
88,21,45,0.15,0.15,"(4,)",15,70,0.1,True,5,-135.53333333333333,-132.6,1.0,0.5,94.4
88,22,45,0.15,0.15,"(4,)",15,70,0.1,True,5,-140.53333333333333,-121.26666666666667,1.0,0.5,94.4
88,23,45,0.15,0.15,"(4,)",15,70,0.1,True,5,-146.06666666666666,-126.33333333333333,1.0,0.5,94.4
88,24,45,0.15,0.15,"(4,)",15,70,0.1,True,5,-129.2,-118.53333333333333,1.0,0.5,94.4
88,25,45,0.15,0.15,"(4,)",15,70,0.1,True,5,-124.73333333333333,-121.4,1.0,0.5,94.4
88,26,45,0.15,0.15,"(4,)",15,70,0.1,True,5,-119.33333333333333,-120.0,1.0,0.5,94.4
88,27,45,0.15,0.15,"(4,)",15,70,0.1,True,5,-127.73333333333333,-119.0,1.0,0.5,94.4
88,28,45,0.15,0.15,"(4,)",15,70,0.1,True,5,-132.86666666666667,-117.73333333333333,1.0,0.5,94.4
88,29,45,0.15,0.15,"(4,)",15,70,0.1,True,5,-124.4,-116.13333333333334,1.0,0.5,94.4
88,30,45,0.15,0.15,"(4,)",15,70,0.1,True,5,-125.8,-114.26666666666667,1.0,0.5,94.4
88,31,45,0.15,0.15,"(4,)",15,70,0.1,True,5,-121.53333333333333,-116.46666666666667,1.0,0.5,94.4
88,32,45,0.15,0.15,"(4,)",15,70,0.1,True,5,-125.33333333333333,-117.33333333333333,1.0,0.5,94.4
88,33,45,0.15,0.15,"(4,)",15,70,0.1,True,5,-123.06666666666666,-115.73333333333333,1.0,0.5,94.4
88,34,45,0.15,0.15,"(4,)",15,70,0.1,True,5,-122.0,-116.8,1.0,0.5,94.4
88,35,45,0.15,0.15,"(4,)",15,70,0.1,True,5,-119.53333333333333,-117.06666666666666,1.0,0.5,94.4
88,36,45,0.15,0.15,"(4,)",15,70,0.1,True,5,-116.06666666666666,-114.46666666666667,1.0,0.5,94.4
88,37,45,0.15,0.15,"(4,)",15,70,0.1,True,5,-121.46666666666667,-113.66666666666667,1.0,0.5,94.4
88,38,45,0.15,0.15,"(4,)",15,70,0.1,True,5,-120.33333333333333,-112.53333333333333,1.0,0.5,94.4
88,39,45,0.15,0.15,"(4,)",15,70,0.1,True,5,-114.53333333333333,-115.2,1.0,0.5,94.4
88,40,45,0.15,0.15,"(4,)",15,70,0.1,True,5,-120.86666666666666,-111.26666666666667,1.0,0.5,94.4
88,41,45,0.15,0.15,"(4,)",15,70,0.1,True,5,-112.8,-113.53333333333333,1.0,0.5,94.4
88,42,45,0.15,0.15,"(4,)",15,70,0.1,True,5,-121.73333333333333,-113.93333333333334,1.0,0.5,94.4
88,43,45,0.15,0.15,"(4,)",15,70,0.1,True,5,-122.13333333333334,-112.33333333333333,1.0,0.5,94.4
88,44,45,0.15,0.15,"(4,)",15,70,0.1,True,5,-116.46666666666667,-107.46666666666667,1.0,0.5,94.4
88,45,45,0.15,0.15,"(4,)",15,70,0.1,True,5,-114.26666666666667,-109.26666666666667,1.0,0.5,94.4
88,46,45,0.15,0.15,"(4,)",15,70,0.1,True,5,-113.13333333333334,-107.93333333333334,1.0,0.5,94.4
88,47,45,0.15,0.15,"(4,)",15,70,0.1,True,5,-120.73333333333333,-108.53333333333333,1.0,0.5,94.4
88,48,45,0.15,0.15,"(4,)",15,70,0.1,True,5,-111.26666666666667,-108.86666666666666,1.0,0.5,94.4
88,49,45,0.15,0.15,"(4,)",15,70,0.1,True,5,-115.8,-111.66666666666667,1.0,0.5,94.4
88,50,45,0.15,0.15,"(4,)",15,70,0.1,True,5,-115.4,-110.46666666666667,1.0,0.5,94.4
88,51,45,0.15,0.15,"(4,)",15,70,0.1,True,5,-106.06666666666666,-108.6,1.0,0.5,94.4
88,52,45,0.15,0.15,"(4,)",15,70,0.1,True,5,-107.86666666666666,-109.46666666666667,1.0,0.5,94.4
88,53,45,0.15,0.15,"(4,)",15,70,0.1,True,5,-122.53333333333333,-112.86666666666666,1.0,0.5,94.4
88,54,45,0.15,0.15,"(4,)",15,70,0.1,True,5,-119.46666666666667,-115.26666666666667,1.0,0.5,94.4
88,55,45,0.15,0.15,"(4,)",15,70,0.1,True,5,-123.66666666666667,-111.53333333333333,1.0,0.5,94.4
88,56,45,0.15,0.15,"(4,)",15,70,0.1,True,5,-121.6,-111.8,1.0,0.5,94.4
88,57,45,0.15,0.15,"(4,)",15,70,0.1,True,5,-119.86666666666666,-108.2,1.0,0.5,94.4
88,58,45,0.15,0.15,"(4,)",15,70,0.1,True,5,-115.33333333333333,-113.66666666666667,1.0,0.5,94.4
88,59,45,0.15,0.15,"(4,)",15,70,0.1,True,5,-116.66666666666667,-111.06666666666666,1.0,0.5,94.4
88,60,45,0.15,0.15,"(4,)",15,70,0.1,True,5,-114.93333333333334,-109.13333333333334,1.0,0.5,94.4
88,61,45,0.15,0.15,"(4,)",15,70,0.1,True,5,-115.8,-111.13333333333334,1.0,0.5,94.4
88,62,45,0.15,0.15,"(4,)",15,70,0.1,True,5,-107.6,-112.4,1.0,0.5,94.4
88,63,45,0.15,0.15,"(4,)",15,70,0.1,True,5,-112.73333333333333,-108.46666666666667,1.0,0.5,94.4
88,64,45,0.15,0.15,"(4,)",15,70,0.1,True,5,-126.66666666666667,-106.4,1.0,0.5,94.4
88,65,45,0.15,0.15,"(4,)",15,70,0.1,True,5,-116.53333333333333,-111.4,1.0,0.5,94.4
88,66,45,0.15,0.15,"(4,)",15,70,0.1,True,5,-111.06666666666666,-107.8,1.0,0.5,94.4
88,67,45,0.15,0.15,"(4,)",15,70,0.1,True,5,-118.46666666666667,-110.06666666666666,1.0,0.5,94.4
88,68,45,0.15,0.15,"(4,)",15,70,0.1,True,5,-118.53333333333333,-114.33333333333333,1.0,0.5,94.4
88,69,45,0.15,0.15,"(4,)",15,70,0.1,True,5,-110.4,-106.53333333333333,1.0,0.5,94.4
99,0,45,0.15,0.15,"(4,)",15,70,0.1,True,5,-1000.0,-1000.0,0.0,-0.49767114139902,97.5
99,1,45,0.15,0.15,"(4,)",15,70,0.1,True,5,-1000.0,-1000.0,0.0,-0.4801907801006306,97.5
99,2,45,0.15,0.15,"(4,)",15,70,0.1,True,5,-1000.0,-619.8666666666667,0.0,-0.48461054103662043,97.5
99,3,45,0.15,0.15,"(4,)",15,70,0.1,True,5,-1000.0,-1000.0,0.0,-0.47565365279026667,97.5
99,4,45,0.15,0.15,"(4,)",15,70,0.1,True,5,-1000.0,-453.6666666666667,0.0,-0.4765637448582352,97.5
99,5,45,0.15,0.15,"(4,)",15,70,0.1,True,5,-1000.0,-374.93333333333334,0.0,-0.4212866952980988,97.5
99,6,45,0.15,0.15,"(4,)",15,70,0.1,True,5,-1000.0,-316.53333333333336,0.0,-0.3297020142014554,97.5
99,7,45,0.15,0.15,"(4,)",15,70,0.1,True,5,-1000.0,-251.26666666666668,0.0,0.1314558656163209,97.5
99,8,45,0.15,0.15,"(4,)",15,70,0.1,True,5,-797.8,-201.53333333333333,0.6,0.4574767599390089,97.5
99,9,45,0.15,0.15,"(4,)",15,70,0.1,True,5,-404.53333333333336,-231.86666666666667,1.0,0.5,97.5
99,10,45,0.15,0.15,"(4,)",15,70,0.1,True,5,-292.4,-147.13333333333333,1.0,0.5,97.5
99,11,45,0.15,0.15,"(4,)",15,70,0.1,True,5,-237.53333333333333,-174.53333333333333,1.0,0.5,97.5
99,12,45,0.15,0.15,"(4,)",15,70,0.1,True,5,-196.73333333333332,-153.13333333333333,1.0,0.5,97.5
99,13,45,0.15,0.15,"(4,)",15,70,0.1,True,5,-189.06666666666666,-158.26666666666668,1.0,0.5,97.5
99,14,45,0.15,0.15,"(4,)",15,70,0.1,True,5,-170.33333333333334,-145.8,1.0,0.5,97.5
99,15,45,0.15,0.15,"(4,)",15,70,0.1,True,5,-160.8,-138.53333333333333,1.0,0.5,97.5
99,16,45,0.15,0.15,"(4,)",15,70,0.1,True,5,-153.0,-138.73333333333332,1.0,0.5,97.5
99,17,45,0.15,0.15,"(4,)",15,70,0.1,True,5,-161.46666666666667,-135.2,1.0,0.5,97.5
99,18,45,0.15,0.15,"(4,)",15,70,0.1,True,5,-148.33333333333334,-141.2,1.0,0.5,97.5
99,19,45,0.15,0.15,"(4,)",15,70,0.1,True,5,-136.13333333333333,-130.6,1.0,0.5,97.5
99,20,45,0.15,0.15,"(4,)",15,70,0.1,True,5,-136.33333333333334,-121.8,1.0,0.5,97.5
99,21,45,0.15,0.15,"(4,)",15,70,0.1,True,5,-136.66666666666666,-127.33333333333333,1.0,0.5,97.5
99,22,45,0.15,0.15,"(4,)",15,70,0.1,True,5,-137.4,-122.4,1.0,0.5,97.5
99,23,45,0.15,0.15,"(4,)",15,70,0.1,True,5,-146.4,-117.73333333333333,1.0,0.5,97.5
99,24,45,0.15,0.15,"(4,)",15,70,0.1,True,5,-125.73333333333333,-116.46666666666667,1.0,0.5,97.5
99,25,45,0.15,0.15,"(4,)",15,70,0.1,True,5,-122.6,-121.66666666666667,1.0,0.5,97.5
99,26,45,0.15,0.15,"(4,)",15,70,0.1,True,5,-129.2,-117.33333333333333,1.0,0.5,97.5
99,27,45,0.15,0.15,"(4,)",15,70,0.1,True,5,-131.8,-118.33333333333333,1.0,0.5,97.5
99,28,45,0.15,0.15,"(4,)",15,70,0.1,True,5,-115.4,-113.13333333333334,1.0,0.5,97.5
99,29,45,0.15,0.15,"(4,)",15,70,0.1,True,5,-131.2,-114.33333333333333,1.0,0.5,97.5
99,30,45,0.15,0.15,"(4,)",15,70,0.1,True,5,-119.86666666666666,-114.8,1.0,0.5,97.5
99,31,45,0.15,0.15,"(4,)",15,70,0.1,True,5,-124.73333333333333,-116.53333333333333,1.0,0.5,97.5
99,32,45,0.15,0.15,"(4,)",15,70,0.1,True,5,-125.4,-111.26666666666667,1.0,0.5,97.5
99,33,45,0.15,0.15,"(4,)",15,70,0.1,True,5,-119.8,-115.2,1.0,0.5,97.5
99,34,45,0.15,0.15,"(4,)",15,70,0.1,True,5,-124.4,-114.73333333333333,1.0,0.5,97.5
99,35,45,0.15,0.15,"(4,)",15,70,0.1,True,5,-119.4,-116.26666666666667,1.0,0.5,97.5
99,36,45,0.15,0.15,"(4,)",15,70,0.1,True,5,-116.2,-112.86666666666666,1.0,0.5,97.5
99,37,45,0.15,0.15,"(4,)",15,70,0.1,True,5,-120.6,-116.06666666666666,1.0,0.5,97.5
99,38,45,0.15,0.15,"(4,)",15,70,0.1,True,5,-127.26666666666667,-111.86666666666666,1.0,0.5,97.5
99,39,45,0.15,0.15,"(4,)",15,70,0.1,True,5,-119.06666666666666,-117.26666666666667,1.0,0.5,97.5
99,40,45,0.15,0.15,"(4,)",15,70,0.1,True,5,-131.4,-114.26666666666667,1.0,0.5,97.5
99,41,45,0.15,0.15,"(4,)",15,70,0.1,True,5,-118.33333333333333,-107.8,1.0,0.5,97.5
99,42,45,0.15,0.15,"(4,)",15,70,0.1,True,5,-114.66666666666667,-112.46666666666667,1.0,0.5,97.5
99,43,45,0.15,0.15,"(4,)",15,70,0.1,True,5,-108.4,-112.33333333333333,1.0,0.5,97.5
99,44,45,0.15,0.15,"(4,)",15,70,0.1,True,5,-121.46666666666667,-111.0,1.0,0.5,97.5
99,45,45,0.15,0.15,"(4,)",15,70,0.1,True,5,-117.46666666666667,-109.33333333333333,1.0,0.5,97.5
99,46,45,0.15,0.15,"(4,)",15,70,0.1,True,5,-118.8,-112.46666666666667,1.0,0.5,97.5
99,47,45,0.15,0.15,"(4,)",15,70,0.1,True,5,-106.53333333333333,-107.26666666666667,1.0,0.5,97.5
99,48,45,0.15,0.15,"(4,)",15,70,0.1,True,5,-110.4,-111.0,1.0,0.5,97.5
99,49,45,0.15,0.15,"(4,)",15,70,0.1,True,5,-117.13333333333334,-107.73333333333333,1.0,0.5,97.5
99,50,45,0.15,0.15,"(4,)",15,70,0.1,True,5,-109.13333333333334,-115.26666666666667,1.0,0.5,97.5
99,51,45,0.15,0.15,"(4,)",15,70,0.1,True,5,-118.13333333333334,-106.93333333333334,1.0,0.5,97.5
99,52,45,0.15,0.15,"(4,)",15,70,0.1,True,5,-115.8,-109.06666666666666,1.0,0.5,97.5
99,53,45,0.15,0.15,"(4,)",15,70,0.1,True,5,-127.0,-103.73333333333333,1.0,0.5,97.5
99,54,45,0.15,0.15,"(4,)",15,70,0.1,True,5,-114.6,-106.26666666666667,1.0,0.5,97.5
99,55,45,0.15,0.15,"(4,)",15,70,0.1,True,5,-115.66666666666667,-106.6,1.0,0.5,97.5
99,56,45,0.15,0.15,"(4,)",15,70,0.1,True,5,-121.13333333333334,-110.86666666666666,1.0,0.5,97.5
99,57,45,0.15,0.15,"(4,)",15,70,0.1,True,5,-120.2,-109.93333333333334,1.0,0.5,97.5
99,58,45,0.15,0.15,"(4,)",15,70,0.1,True,5,-112.66666666666667,-105.2,1.0,0.5,97.5
99,59,45,0.15,0.15,"(4,)",15,70,0.1,True,5,-114.86666666666666,-111.8,1.0,0.5,97.5
99,60,45,0.15,0.15,"(4,)",15,70,0.1,True,5,-117.86666666666666,-109.2,1.0,0.5,97.5
99,61,45,0.15,0.15,"(4,)",15,70,0.1,True,5,-111.2,-111.46666666666667,1.0,0.5,97.5
99,62,45,0.15,0.15,"(4,)",15,70,0.1,True,5,-106.06666666666666,-107.13333333333334,1.0,0.5,97.5
99,63,45,0.15,0.15,"(4,)",15,70,0.1,True,5,-113.8,-113.06666666666666,1.0,0.5,97.5
99,64,45,0.15,0.15,"(4,)",15,70,0.1,True,5,-131.0,-112.86666666666666,1.0,0.5,97.5
99,65,45,0.15,0.15,"(4,)",15,70,0.1,True,5,-115.93333333333334,-108.46666666666667,1.0,0.5,97.5
99,66,45,0.15,0.15,"(4,)",15,70,0.1,True,5,-109.73333333333333,-110.73333333333333,1.0,0.5,97.5
99,67,45,0.15,0.15,"(4,)",15,70,0.1,True,5,-115.8,-107.06666666666666,1.0,0.5,97.5
99,68,45,0.15,0.15,"(4,)",15,70,0.1,True,5,-120.06666666666666,-109.06666666666666,1.0,0.5,97.5
99,69,45,0.15,0.15,"(4,)",15,70,0.1,True,5,-106.73333333333333,-108.73333333333333,1.0,0.5,97.5
111,0,45,0.15,0.15,"(4,)",15,70,0.1,True,5,-1000.0,-1000.0,0.0,-0.5008417500013546,109.2
111,1,45,0.15,0.15,"(4,)",15,70,0.1,True,5,-1000.0,-1000.0,0.0,-0.47535878382001173,109.2
111,2,45,0.15,0.15,"(4,)",15,70,0.1,True,5,-1000.0,-460.1333333333333,0.0,-0.49160499661651497,109.2
111,3,45,0.15,0.15,"(4,)",15,70,0.1,True,5,-1000.0,-321.8666666666667,0.0,-0.48564577278827414,109.2
111,4,45,0.15,0.15,"(4,)",15,70,0.1,True,5,-1000.0,-542.6666666666666,0.0,-0.4839034303970918,109.2
111,5,45,0.15,0.15,"(4,)",15,70,0.1,True,5,-1000.0,-262.53333333333336,0.0,-0.4807809194944605,109.2
111,6,45,0.15,0.15,"(4,)",15,70,0.1,True,5,-1000.0,-233.6,0.0,-0.3184094332012932,109.2
111,7,45,0.15,0.15,"(4,)",15,70,0.1,True,5,-942.4666666666667,-236.0,0.13333333333333333,0.2490267118965913,109.2
111,8,45,0.15,0.15,"(4,)",15,70,0.1,True,5,-249.8,-180.66666666666666,1.0,0.5,109.2
111,9,45,0.15,0.15,"(4,)",15,70,0.1,True,5,-277.6,-150.66666666666666,1.0,0.5,109.2
111,10,45,0.15,0.15,"(4,)",15,70,0.1,True,5,-235.8,-165.53333333333333,1.0,0.5,109.2
111,11,45,0.15,0.15,"(4,)",15,70,0.1,True,5,-225.53333333333333,-176.8,1.0,0.5,109.2
111,12,45,0.15,0.15,"(4,)",15,70,0.1,True,5,-196.73333333333332,-169.46666666666667,1.0,0.5,109.2
111,13,45,0.15,0.15,"(4,)",15,70,0.1,True,5,-192.6,-165.66666666666666,1.0,0.5,109.2
111,14,45,0.15,0.15,"(4,)",15,70,0.1,True,5,-175.66666666666666,-163.0,1.0,0.5,109.2
111,15,45,0.15,0.15,"(4,)",15,70,0.1,True,5,-171.06666666666666,-139.06666666666666,1.0,0.5,109.2
111,16,45,0.15,0.15,"(4,)",15,70,0.1,True,5,-152.73333333333332,-151.13333333333333,1.0,0.5,109.2
111,17,45,0.15,0.15,"(4,)",15,70,0.1,True,5,-161.93333333333334,-141.66666666666666,1.0,0.5,109.2
111,18,45,0.15,0.15,"(4,)",15,70,0.1,True,5,-147.06666666666666,-134.4,1.0,0.5,109.2
111,19,45,0.15,0.15,"(4,)",15,70,0.1,True,5,-142.33333333333334,-138.33333333333334,1.0,0.5,109.2
111,20,45,0.15,0.15,"(4,)",15,70,0.1,True,5,-138.0,-132.13333333333333,1.0,0.5,109.2
111,21,45,0.15,0.15,"(4,)",15,70,0.1,True,5,-159.33333333333334,-142.53333333333333,1.0,0.5,109.2
111,22,45,0.15,0.15,"(4,)",15,70,0.1,True,5,-163.53333333333333,-135.13333333333333,1.0,0.5,109.2
111,23,45,0.15,0.15,"(4,)",15,70,0.1,True,5,-150.6,-118.33333333333333,1.0,0.5,109.2
111,24,45,0.15,0.15,"(4,)",15,70,0.1,True,5,-145.93333333333334,-123.06666666666666,1.0,0.5,109.2
111,25,45,0.15,0.15,"(4,)",15,70,0.1,True,5,-150.4,-111.86666666666666,1.0,0.5,109.2
111,26,45,0.15,0.15,"(4,)",15,70,0.1,True,5,-129.93333333333334,-125.53333333333333,1.0,0.5,109.2
111,27,45,0.15,0.15,"(4,)",15,70,0.1,True,5,-127.4,-116.53333333333333,1.0,0.5,109.2
111,28,45,0.15,0.15,"(4,)",15,70,0.1,True,5,-131.13333333333333,-123.0,1.0,0.5,109.2
111,29,45,0.15,0.15,"(4,)",15,70,0.1,True,5,-123.46666666666667,-118.93333333333334,1.0,0.5,109.2
111,30,45,0.15,0.15,"(4,)",15,70,0.1,True,5,-147.66666666666666,-115.66666666666667,1.0,0.5,109.2
111,31,45,0.15,0.15,"(4,)",15,70,0.1,True,5,-135.6,-121.2,1.0,0.5,109.2
111,32,45,0.15,0.15,"(4,)",15,70,0.1,True,5,-131.06666666666666,-124.0,1.0,0.5,109.2
111,33,45,0.15,0.15,"(4,)",15,70,0.1,True,5,-120.13333333333334,-117.93333333333334,1.0,0.5,109.2
111,34,45,0.15,0.15,"(4,)",15,70,0.1,True,5,-125.86666666666666,-116.13333333333334,1.0,0.5,109.2
111,35,45,0.15,0.15,"(4,)",15,70,0.1,True,5,-115.46666666666667,-114.2,1.0,0.5,109.2
111,36,45,0.15,0.15,"(4,)",15,70,0.1,True,5,-119.93333333333334,-114.53333333333333,1.0,0.5,109.2
111,37,45,0.15,0.15,"(4,)",15,70,0.1,True,5,-119.86666666666666,-114.93333333333334,1.0,0.5,109.2
111,38,45,0.15,0.15,"(4,)",15,70,0.1,True,5,-119.06666666666666,-110.86666666666666,1.0,0.5,109.2
111,39,45,0.15,0.15,"(4,)",15,70,0.1,True,5,-124.2,-108.33333333333333,1.0,0.5,109.2
111,40,45,0.15,0.15,"(4,)",15,70,0.1,True,5,-132.73333333333332,-114.46666666666667,1.0,0.5,109.2
111,41,45,0.15,0.15,"(4,)",15,70,0.1,True,5,-118.6,-108.4,1.0,0.5,109.2
111,42,45,0.15,0.15,"(4,)",15,70,0.1,True,5,-125.53333333333333,-112.86666666666666,1.0,0.5,109.2
111,43,45,0.15,0.15,"(4,)",15,70,0.1,True,5,-112.4,-115.4,1.0,0.5,109.2
111,44,45,0.15,0.15,"(4,)",15,70,0.1,True,5,-122.06666666666666,-110.13333333333334,1.0,0.5,109.2
111,45,45,0.15,0.15,"(4,)",15,70,0.1,True,5,-121.0,-109.06666666666666,1.0,0.5,109.2
111,46,45,0.15,0.15,"(4,)",15,70,0.1,True,5,-118.8,-106.66666666666667,1.0,0.5,109.2
111,47,45,0.15,0.15,"(4,)",15,70,0.1,True,5,-115.66666666666667,-104.13333333333334,1.0,0.5,109.2
111,48,45,0.15,0.15,"(4,)",15,70,0.1,True,5,-112.53333333333333,-106.13333333333334,1.0,0.5,109.2
111,49,45,0.15,0.15,"(4,)",15,70,0.1,True,5,-109.93333333333334,-114.4,1.0,0.5,109.2
111,50,45,0.15,0.15,"(4,)",15,70,0.1,True,5,-111.93333333333334,-116.6,1.0,0.5,109.2
111,51,45,0.15,0.15,"(4,)",15,70,0.1,True,5,-118.4,-112.33333333333333,1.0,0.5,109.2
111,52,45,0.15,0.15,"(4,)",15,70,0.1,True,5,-109.8,-112.33333333333333,1.0,0.5,109.2
111,53,45,0.15,0.15,"(4,)",15,70,0.1,True,5,-125.8,-112.93333333333334,1.0,0.5,109.2
111,54,45,0.15,0.15,"(4,)",15,70,0.1,True,5,-125.86666666666666,-112.0,1.0,0.5,109.2
111,55,45,0.15,0.15,"(4,)",15,70,0.1,True,5,-114.53333333333333,-111.8,1.0,0.5,109.2
111,56,45,0.15,0.15,"(4,)",15,70,0.1,True,5,-118.33333333333333,-110.86666666666666,1.0,0.5,109.2
111,57,45,0.15,0.15,"(4,)",15,70,0.1,True,5,-131.33333333333334,-110.4,1.0,0.5,109.2
111,58,45,0.15,0.15,"(4,)",15,70,0.1,True,5,-122.4,-107.86666666666666,1.0,0.5,109.2
111,59,45,0.15,0.15,"(4,)",15,70,0.1,True,5,-122.26666666666667,-110.4,1.0,0.5,109.2
111,60,45,0.15,0.15,"(4,)",15,70,0.1,True,5,-122.2,-111.4,1.0,0.5,109.2
111,61,45,0.15,0.15,"(4,)",15,70,0.1,True,5,-112.06666666666666,-102.86666666666666,1.0,0.5,109.2
111,62,45,0.15,0.15,"(4,)",15,70,0.1,True,5,-108.93333333333334,-104.13333333333334,1.0,0.5,109.2
111,63,45,0.15,0.15,"(4,)",15,70,0.1,True,5,-112.93333333333334,-109.13333333333334,1.0,0.5,109.2
111,64,45,0.15,0.15,"(4,)",15,70,0.1,True,5,-118.73333333333333,-111.6,1.0,0.5,109.2
111,65,45,0.15,0.15,"(4,)",15,70,0.1,True,5,-113.8,-103.13333333333334,1.0,0.5,109.2
111,66,45,0.15,0.15,"(4,)",15,70,0.1,True,5,-112.26666666666667,-112.86666666666666,1.0,0.5,109.2
111,67,45,0.15,0.15,"(4,)",15,70,0.1,True,5,-121.4,-103.26666666666667,1.0,0.5,109.2
111,68,45,0.15,0.15,"(4,)",15,70,0.1,True,5,-112.8,-108.4,1.0,0.5,109.2
111,69,45,0.15,0.15,"(4,)",15,70,0.1,True,5,-105.73333333333333,-116.8,1.0,0.5,109.2
122,0,45,0.15,0.15,"(4,)",15,70,0.1,True,5,-1000.0,-653.9333333333333,0.0,-0.4264416158851253,96.1
122,1,45,0.15,0.15,"(4,)",15,70,0.1,True,5,-1000.0,-723.7333333333333,0.0,-0.21381463223170208,96.1
122,2,45,0.15,0.15,"(4,)",15,70,0.1,True,5,-1000.0,-330.53333333333336,0.0,0.060163031104190946,96.1
122,3,45,0.15,0.15,"(4,)",15,70,0.1,True,5,-939.2,-391.6666666666667,0.2,0.4027317037546458,96.1
122,4,45,0.15,0.15,"(4,)",15,70,0.1,True,5,-474.0,-223.0,1.0,0.5,96.1
122,5,45,0.15,0.15,"(4,)",15,70,0.1,True,5,-318.6,-210.8,1.0,0.5,96.1
122,6,45,0.15,0.15,"(4,)",15,70,0.1,True,5,-271.0,-197.06666666666666,1.0,0.5,96.1
122,7,45,0.15,0.15,"(4,)",15,70,0.1,True,5,-309.1333333333333,-195.46666666666667,1.0,0.5,96.1
122,8,45,0.15,0.15,"(4,)",15,70,0.1,True,5,-232.6,-159.53333333333333,1.0,0.5,96.1
122,9,45,0.15,0.15,"(4,)",15,70,0.1,True,5,-224.13333333333333,-169.4,1.0,0.5,96.1
122,10,45,0.15,0.15,"(4,)",15,70,0.1,True,5,-208.06666666666666,-153.33333333333334,1.0,0.5,96.1
122,11,45,0.15,0.15,"(4,)",15,70,0.1,True,5,-187.33333333333334,-155.8,1.0,0.5,96.1
122,12,45,0.15,0.15,"(4,)",15,70,0.1,True,5,-170.4,-144.73333333333332,1.0,0.5,96.1
122,13,45,0.15,0.15,"(4,)",15,70,0.1,True,5,-168.6,-135.4,1.0,0.5,96.1
122,14,45,0.15,0.15,"(4,)",15,70,0.1,True,5,-142.46666666666667,-131.66666666666666,1.0,0.5,96.1
122,15,45,0.15,0.15,"(4,)",15,70,0.1,True,5,-151.2,-123.6,1.0,0.5,96.1
122,16,45,0.15,0.15,"(4,)",15,70,0.1,True,5,-151.93333333333334,-129.46666666666667,1.0,0.5,96.1
122,17,45,0.15,0.15,"(4,)",15,70,0.1,True,5,-145.0,-128.6,1.0,0.5,96.1
122,18,45,0.15,0.15,"(4,)",15,70,0.1,True,5,-142.93333333333334,-132.93333333333334,1.0,0.5,96.1
122,19,45,0.15,0.15,"(4,)",15,70,0.1,True,5,-132.93333333333334,-116.13333333333334,1.0,0.5,96.1
122,20,45,0.15,0.15,"(4,)",15,70,0.1,True,5,-139.33333333333334,-123.33333333333333,1.0,0.5,96.1
122,21,45,0.15,0.15,"(4,)",15,70,0.1,True,5,-133.6,-118.0,1.0,0.5,96.1
122,22,45,0.15,0.15,"(4,)",15,70,0.1,True,5,-135.73333333333332,-121.93333333333334,1.0,0.5,96.1
122,23,45,0.15,0.15,"(4,)",15,70,0.1,True,5,-132.26666666666668,-117.13333333333334,1.0,0.5,96.1
122,24,45,0.15,0.15,"(4,)",15,70,0.1,True,5,-132.26666666666668,-117.0,1.0,0.5,96.1
122,25,45,0.15,0.15,"(4,)",15,70,0.1,True,5,-123.73333333333333,-113.2,1.0,0.5,96.1
122,26,45,0.15,0.15,"(4,)",15,70,0.1,True,5,-118.06666666666666,-112.06666666666666,1.0,0.5,96.1
122,27,45,0.15,0.15,"(4,)",15,70,0.1,True,5,-119.73333333333333,-111.8,1.0,0.5,96.1
122,28,45,0.15,0.15,"(4,)",15,70,0.1,True,5,-123.8,-118.13333333333334,1.0,0.5,96.1
122,29,45,0.15,0.15,"(4,)",15,70,0.1,True,5,-116.46666666666667,-112.33333333333333,1.0,0.5,96.1
122,30,45,0.15,0.15,"(4,)",15,70,0.1,True,5,-128.2,-116.06666666666666,1.0,0.5,96.1
122,31,45,0.15,0.15,"(4,)",15,70,0.1,True,5,-112.6,-116.93333333333334,1.0,0.5,96.1
122,32,45,0.15,0.15,"(4,)",15,70,0.1,True,5,-123.86666666666666,-115.0,1.0,0.5,96.1
122,33,45,0.15,0.15,"(4,)",15,70,0.1,True,5,-121.66666666666667,-115.53333333333333,1.0,0.5,96.1
122,34,45,0.15,0.15,"(4,)",15,70,0.1,True,5,-115.93333333333334,-114.33333333333333,1.0,0.5,96.1
122,35,45,0.15,0.15,"(4,)",15,70,0.1,True,5,-120.0,-112.06666666666666,1.0,0.5,96.1
122,36,45,0.15,0.15,"(4,)",15,70,0.1,True,5,-117.0,-108.66666666666667,1.0,0.5,96.1
122,37,45,0.15,0.15,"(4,)",15,70,0.1,True,5,-115.0,-115.33333333333333,1.0,0.5,96.1
122,38,45,0.15,0.15,"(4,)",15,70,0.1,True,5,-117.86666666666666,-111.8,1.0,0.5,96.1
122,39,45,0.15,0.15,"(4,)",15,70,0.1,True,5,-118.0,-112.53333333333333,1.0,0.5,96.1
122,40,45,0.15,0.15,"(4,)",15,70,0.1,True,5,-126.4,-111.26666666666667,1.0,0.5,96.1
122,41,45,0.15,0.15,"(4,)",15,70,0.1,True,5,-113.26666666666667,-115.33333333333333,1.0,0.5,96.1
122,42,45,0.15,0.15,"(4,)",15,70,0.1,True,5,-120.86666666666666,-111.66666666666667,1.0,0.5,96.1
122,43,45,0.15,0.15,"(4,)",15,70,0.1,True,5,-110.33333333333333,-111.26666666666667,1.0,0.5,96.1
122,44,45,0.15,0.15,"(4,)",15,70,0.1,True,5,-125.4,-113.0,1.0,0.5,96.1
122,45,45,0.15,0.15,"(4,)",15,70,0.1,True,5,-120.46666666666667,-108.4,1.0,0.5,96.1
122,46,45,0.15,0.15,"(4,)",15,70,0.1,True,5,-117.73333333333333,-102.2,1.0,0.5,96.1
122,47,45,0.15,0.15,"(4,)",15,70,0.1,True,5,-104.73333333333333,-107.66666666666667,1.0,0.5,96.1
122,48,45,0.15,0.15,"(4,)",15,70,0.1,True,5,-108.26666666666667,-108.2,1.0,0.5,96.1
122,49,45,0.15,0.15,"(4,)",15,70,0.1,True,5,-111.2,-104.46666666666667,1.0,0.5,96.1
122,50,45,0.15,0.15,"(4,)",15,70,0.1,True,5,-113.26666666666667,-111.66666666666667,1.0,0.5,96.1
122,51,45,0.15,0.15,"(4,)",15,70,0.1,True,5,-108.33333333333333,-112.4,1.0,0.5,96.1
122,52,45,0.15,0.15,"(4,)",15,70,0.1,True,5,-115.2,-116.2,1.0,0.5,96.1
122,53,45,0.15,0.15,"(4,)",15,70,0.1,True,5,-141.8,-110.4,1.0,0.5,96.1
122,54,45,0.15,0.15,"(4,)",15,70,0.1,True,5,-131.33333333333334,-113.6,1.0,0.5,96.1
122,55,45,0.15,0.15,"(4,)",15,70,0.1,True,5,-108.53333333333333,-112.73333333333333,1.0,0.5,96.1
122,56,45,0.15,0.15,"(4,)",15,70,0.1,True,5,-127.4,-109.0,1.0,0.5,96.1
122,57,45,0.15,0.15,"(4,)",15,70,0.1,True,5,-133.93333333333334,-118.86666666666666,1.0,0.5,96.1
122,58,45,0.15,0.15,"(4,)",15,70,0.1,True,5,-126.46666666666667,-113.2,1.0,0.5,96.1
122,59,45,0.15,0.15,"(4,)",15,70,0.1,True,5,-122.06666666666666,-109.4,1.0,0.5,96.1
122,60,45,0.15,0.15,"(4,)",15,70,0.1,True,5,-126.6,-111.93333333333334,1.0,0.5,96.1
122,61,45,0.15,0.15,"(4,)",15,70,0.1,True,5,-117.0,-116.26666666666667,1.0,0.5,96.1
122,62,45,0.15,0.15,"(4,)",15,70,0.1,True,5,-107.33333333333333,-107.13333333333334,1.0,0.5,96.1
122,63,45,0.15,0.15,"(4,)",15,70,0.1,True,5,-112.6,-112.6,1.0,0.5,96.1
122,64,45,0.15,0.15,"(4,)",15,70,0.1,True,5,-129.46666666666667,-107.46666666666667,1.0,0.5,96.1
122,65,45,0.15,0.15,"(4,)",15,70,0.1,True,5,-122.13333333333334,-115.4,1.0,0.5,96.1
122,66,45,0.15,0.15,"(4,)",15,70,0.1,True,5,-113.26666666666667,-112.6,1.0,0.5,96.1
122,67,45,0.15,0.15,"(4,)",15,70,0.1,True,5,-111.86666666666666,-110.46666666666667,1.0,0.5,96.1
122,68,45,0.15,0.15,"(4,)",15,70,0.1,True,5,-115.8,-109.4,1.0,0.5,96.1
122,69,45,0.15,0.15,"(4,)",15,70,0.1,True,5,-114.6,-114.86666666666666,1.0,0.5,96.1
133,0,45,0.15,0.15,"(4,)",15,70,0.1,True,5,-925.4,-609.8666666666667,0.4,0.19930788645206698,121.1
133,1,45,0.15,0.15,"(4,)",15,70,0.1,True,5,-764.9333333333333,-383.46666666666664,0.8666666666666667,0.4646593597953673,121.1
133,2,45,0.15,0.15,"(4,)",15,70,0.1,True,5,-575.4,-355.2,1.0,0.5,121.1
133,3,45,0.15,0.15,"(4,)",15,70,0.1,True,5,-459.53333333333336,-375.4,1.0,0.5,121.1
133,4,45,0.15,0.15,"(4,)",15,70,0.1,True,5,-342.93333333333334,-349.26666666666665,1.0,0.5,121.1
133,5,45,0.15,0.15,"(4,)",15,70,0.1,True,5,-434.53333333333336,-245.33333333333334,1.0,0.5,121.1
133,6,45,0.15,0.15,"(4,)",15,70,0.1,True,5,-375.4,-246.86666666666667,1.0,0.5,121.1
133,7,45,0.15,0.15,"(4,)",15,70,0.1,True,5,-316.6,-230.6,1.0,0.5,121.1
133,8,45,0.15,0.15,"(4,)",15,70,0.1,True,5,-287.73333333333335,-221.06666666666666,1.0,0.5,121.1
133,9,45,0.15,0.15,"(4,)",15,70,0.1,True,5,-245.13333333333333,-230.26666666666668,1.0,0.5,121.1
133,10,45,0.15,0.15,"(4,)",15,70,0.1,True,5,-259.8,-225.66666666666666,1.0,0.5,121.1
133,11,45,0.15,0.15,"(4,)",15,70,0.1,True,5,-236.06666666666666,-235.6,1.0,0.5,121.1
133,12,45,0.15,0.15,"(4,)",15,70,0.1,True,5,-237.8,-222.4,1.0,0.5,121.1
133,13,45,0.15,0.15,"(4,)",15,70,0.1,True,5,-237.73333333333332,-234.0,1.0,0.5,121.1
133,14,45,0.15,0.15,"(4,)",15,70,0.1,True,5,-254.93333333333334,-215.4,1.0,0.5,121.1
133,15,45,0.15,0.15,"(4,)",15,70,0.1,True,5,-253.4,-206.0,1.0,0.5,121.1
133,16,45,0.15,0.15,"(4,)",15,70,0.1,True,5,-231.73333333333332,-197.66666666666666,1.0,0.5,121.1
133,17,45,0.15,0.15,"(4,)",15,70,0.1,True,5,-237.0,-204.8,1.0,0.5,121.1
133,18,45,0.15,0.15,"(4,)",15,70,0.1,True,5,-231.2,-218.46666666666667,1.0,0.5,121.1
133,19,45,0.15,0.15,"(4,)",15,70,0.1,True,5,-227.0,-207.4,1.0,0.5,121.1
133,20,45,0.15,0.15,"(4,)",15,70,0.1,True,5,-212.0,-217.8,1.0,0.5,121.1
133,21,45,0.15,0.15,"(4,)",15,70,0.1,True,5,-216.6,-153.06666666666666,1.0,0.5,121.1
133,22,45,0.15,0.15,"(4,)",15,70,0.1,True,5,-223.53333333333333,-215.26666666666668,1.0,0.5,121.1
133,23,45,0.15,0.15,"(4,)",15,70,0.1,True,5,-215.73333333333332,-213.06666666666666,1.0,0.5,121.1
133,24,45,0.15,0.15,"(4,)",15,70,0.1,True,5,-215.73333333333332,-212.13333333333333,1.0,0.5,121.1
133,25,45,0.15,0.15,"(4,)",15,70,0.1,True,5,-223.4,-215.6,1.0,0.5,121.1
133,26,45,0.15,0.15,"(4,)",15,70,0.1,True,5,-230.53333333333333,-210.0,1.0,0.5,121.1
133,27,45,0.15,0.15,"(4,)",15,70,0.1,True,5,-223.53333333333333,-214.4,1.0,0.5,121.1
133,28,45,0.15,0.15,"(4,)",15,70,0.1,True,5,-209.0,-206.86666666666667,1.0,0.5,121.1
133,29,45,0.15,0.15,"(4,)",15,70,0.1,True,5,-213.46666666666667,-150.8,1.0,0.5,121.1
133,30,45,0.15,0.15,"(4,)",15,70,0.1,True,5,-217.26666666666668,-223.86666666666667,1.0,0.5,121.1
133,31,45,0.15,0.15,"(4,)",15,70,0.1,True,5,-274.73333333333335,-156.86666666666667,1.0,0.5,121.1
133,32,45,0.15,0.15,"(4,)",15,70,0.1,True,5,-254.2,-147.53333333333333,1.0,0.5,121.1
133,33,45,0.15,0.15,"(4,)",15,70,0.1,True,5,-217.06666666666666,-131.33333333333334,1.0,0.5,121.1
133,34,45,0.15,0.15,"(4,)",15,70,0.1,True,5,-171.66666666666666,-133.93333333333334,1.0,0.5,121.1
133,35,45,0.15,0.15,"(4,)",15,70,0.1,True,5,-160.33333333333334,-122.73333333333333,1.0,0.5,121.1
133,36,45,0.15,0.15,"(4,)",15,70,0.1,True,5,-130.4,-127.8,1.0,0.5,121.1
133,37,45,0.15,0.15,"(4,)",15,70,0.1,True,5,-139.53333333333333,-131.4,1.0,0.5,121.1
133,38,45,0.15,0.15,"(4,)",15,70,0.1,True,5,-135.6,-123.06666666666666,1.0,0.5,121.1
133,39,45,0.15,0.15,"(4,)",15,70,0.1,True,5,-127.8,-126.06666666666666,1.0,0.5,121.1
133,40,45,0.15,0.15,"(4,)",15,70,0.1,True,5,-141.66666666666666,-120.86666666666666,1.0,0.5,121.1
133,41,45,0.15,0.15,"(4,)",15,70,0.1,True,5,-134.13333333333333,-131.2,1.0,0.5,121.1
133,42,45,0.15,0.15,"(4,)",15,70,0.1,True,5,-127.73333333333333,-124.06666666666666,1.0,0.5,121.1
133,43,45,0.15,0.15,"(4,)",15,70,0.1,True,5,-141.2,-119.06666666666666,1.0,0.5,121.1
133,44,45,0.15,0.15,"(4,)",15,70,0.1,True,5,-121.46666666666667,-118.66666666666667,1.0,0.5,121.1
133,45,45,0.15,0.15,"(4,)",15,70,0.1,True,5,-125.0,-106.93333333333334,1.0,0.5,121.1
133,46,45,0.15,0.15,"(4,)",15,70,0.1,True,5,-122.26666666666667,-107.66666666666667,1.0,0.5,121.1
133,47,45,0.15,0.15,"(4,)",15,70,0.1,True,5,-112.93333333333334,-117.13333333333334,1.0,0.5,121.1
133,48,45,0.15,0.15,"(4,)",15,70,0.1,True,5,-122.53333333333333,-118.66666666666667,1.0,0.5,121.1
133,49,45,0.15,0.15,"(4,)",15,70,0.1,True,5,-115.2,-115.46666666666667,1.0,0.5,121.1
133,50,45,0.15,0.15,"(4,)",15,70,0.1,True,5,-117.73333333333333,-118.8,1.0,0.5,121.1
133,51,45,0.15,0.15,"(4,)",15,70,0.1,True,5,-118.66666666666667,-117.46666666666667,1.0,0.5,121.1
133,52,45,0.15,0.15,"(4,)",15,70,0.1,True,5,-125.66666666666667,-115.93333333333334,1.0,0.5,121.1
133,53,45,0.15,0.15,"(4,)",15,70,0.1,True,5,-128.33333333333334,-117.86666666666666,1.0,0.5,121.1
133,54,45,0.15,0.15,"(4,)",15,70,0.1,True,5,-137.06666666666666,-113.53333333333333,1.0,0.5,121.1
133,55,45,0.15,0.15,"(4,)",15,70,0.1,True,5,-119.33333333333333,-121.86666666666666,1.0,0.5,121.1
133,56,45,0.15,0.15,"(4,)",15,70,0.1,True,5,-123.06666666666666,-116.8,1.0,0.5,121.1
133,57,45,0.15,0.15,"(4,)",15,70,0.1,True,5,-146.93333333333334,-121.53333333333333,1.0,0.5,121.1
133,58,45,0.15,0.15,"(4,)",15,70,0.1,True,5,-116.93333333333334,-114.93333333333334,1.0,0.5,121.1
133,59,45,0.15,0.15,"(4,)",15,70,0.1,True,5,-122.53333333333333,-114.53333333333333,1.0,0.5,121.1
133,60,45,0.15,0.15,"(4,)",15,70,0.1,True,5,-131.93333333333334,-113.0,1.0,0.5,121.1
133,61,45,0.15,0.15,"(4,)",15,70,0.1,True,5,-121.33333333333333,-113.26666666666667,1.0,0.5,121.1
133,62,45,0.15,0.15,"(4,)",15,70,0.1,True,5,-114.4,-112.06666666666666,1.0,0.5,121.1
133,63,45,0.15,0.15,"(4,)",15,70,0.1,True,5,-111.86666666666666,-114.66666666666667,1.0,0.5,121.1
133,64,45,0.15,0.15,"(4,)",15,70,0.1,True,5,-128.86666666666667,-116.26666666666667,1.0,0.5,121.1
133,65,45,0.15,0.15,"(4,)",15,70,0.1,True,5,-117.4,-114.13333333333334,1.0,0.5,121.1
133,66,45,0.15,0.15,"(4,)",15,70,0.1,True,5,-120.86666666666666,-115.46666666666667,1.0,0.5,121.1
133,67,45,0.15,0.15,"(4,)",15,70,0.1,True,5,-117.93333333333334,-114.06666666666666,1.0,0.5,121.1
133,68,45,0.15,0.15,"(4,)",15,70,0.1,True,5,-128.93333333333334,-110.86666666666666,1.0,0.5,121.1
133,69,45,0.15,0.15,"(4,)",15,70,0.1,True,5,-112.8,-111.2,1.0,0.5,121.1
144,0,45,0.15,0.15,"(4,)",15,70,0.1,True,5,-1000.0,-648.1333333333333,0.0,-0.24390088742375662,98.1
144,1,45,0.15,0.15,"(4,)",15,70,0.1,True,5,-1000.0,-801.4666666666667,0.0,-0.1090462646024711,98.1
144,2,45,0.15,0.15,"(4,)",15,70,0.1,True,5,-959.6666666666666,-474.73333333333335,0.3333333333333333,0.133512492372165,98.1
144,3,45,0.15,0.15,"(4,)",15,70,0.1,True,5,-796.7333333333333,-371.3333333333333,0.8,0.4178387343894151,98.1
144,4,45,0.15,0.15,"(4,)",15,70,0.1,True,5,-551.6666666666666,-273.6,1.0,0.5,98.1
144,5,45,0.15,0.15,"(4,)",15,70,0.1,True,5,-456.53333333333336,-266.6666666666667,1.0,0.5,98.1
144,6,45,0.15,0.15,"(4,)",15,70,0.1,True,5,-443.6,-306.1333333333333,1.0,0.5,98.1
144,7,45,0.15,0.15,"(4,)",15,70,0.1,True,5,-370.46666666666664,-257.3333333333333,1.0,0.5,98.1
144,8,45,0.15,0.15,"(4,)",15,70,0.1,True,5,-364.73333333333335,-248.4,1.0,0.5,98.1
144,9,45,0.15,0.15,"(4,)",15,70,0.1,True,5,-290.06666666666666,-201.93333333333334,1.0,0.5,98.1
144,10,45,0.15,0.15,"(4,)",15,70,0.1,True,5,-277.2,-153.33333333333334,1.0,0.5,98.1
144,11,45,0.15,0.15,"(4,)",15,70,0.1,True,5,-264.4,-183.4,1.0,0.5,98.1
144,12,45,0.15,0.15,"(4,)",15,70,0.1,True,5,-212.2,-135.73333333333332,1.0,0.5,98.1
144,13,45,0.15,0.15,"(4,)",15,70,0.1,True,5,-172.86666666666667,-160.0,1.0,0.5,98.1
144,14,45,0.15,0.15,"(4,)",15,70,0.1,True,5,-170.46666666666667,-139.53333333333333,1.0,0.5,98.1
144,15,45,0.15,0.15,"(4,)",15,70,0.1,True,5,-148.4,-149.86666666666667,1.0,0.5,98.1
144,16,45,0.15,0.15,"(4,)",15,70,0.1,True,5,-159.06666666666666,-142.26666666666668,1.0,0.5,98.1
144,17,45,0.15,0.15,"(4,)",15,70,0.1,True,5,-164.46666666666667,-140.46666666666667,1.0,0.5,98.1
144,18,45,0.15,0.15,"(4,)",15,70,0.1,True,5,-156.86666666666667,-120.53333333333333,1.0,0.5,98.1
144,19,45,0.15,0.15,"(4,)",15,70,0.1,True,5,-142.6,-138.73333333333332,1.0,0.5,98.1
144,20,45,0.15,0.15,"(4,)",15,70,0.1,True,5,-141.13333333333333,-126.33333333333333,1.0,0.5,98.1
144,21,45,0.15,0.15,"(4,)",15,70,0.1,True,5,-141.26666666666668,-126.33333333333333,1.0,0.5,98.1
144,22,45,0.15,0.15,"(4,)",15,70,0.1,True,5,-139.0,-130.33333333333334,1.0,0.5,98.1
144,23,45,0.15,0.15,"(4,)",15,70,0.1,True,5,-142.33333333333334,-127.06666666666666,1.0,0.5,98.1
144,24,45,0.15,0.15,"(4,)",15,70,0.1,True,5,-124.13333333333334,-122.53333333333333,1.0,0.5,98.1
144,25,45,0.15,0.15,"(4,)",15,70,0.1,True,5,-134.6,-125.4,1.0,0.5,98.1
144,26,45,0.15,0.15,"(4,)",15,70,0.1,True,5,-132.06666666666666,-124.86666666666666,1.0,0.5,98.1
144,27,45,0.15,0.15,"(4,)",15,70,0.1,True,5,-126.0,-121.46666666666667,1.0,0.5,98.1
144,28,45,0.15,0.15,"(4,)",15,70,0.1,True,5,-140.2,-127.26666666666667,1.0,0.5,98.1
144,29,45,0.15,0.15,"(4,)",15,70,0.1,True,5,-120.06666666666666,-121.13333333333334,1.0,0.5,98.1
144,30,45,0.15,0.15,"(4,)",15,70,0.1,True,5,-128.0,-117.06666666666666,1.0,0.5,98.1
144,31,45,0.15,0.15,"(4,)",15,70,0.1,True,5,-121.06666666666666,-114.8,1.0,0.5,98.1
144,32,45,0.15,0.15,"(4,)",15,70,0.1,True,5,-128.13333333333333,-122.06666666666666,1.0,0.5,98.1
144,33,45,0.15,0.15,"(4,)",15,70,0.1,True,5,-126.33333333333333,-119.2,1.0,0.5,98.1
144,34,45,0.15,0.15,"(4,)",15,70,0.1,True,5,-122.53333333333333,-121.26666666666667,1.0,0.5,98.1
144,35,45,0.15,0.15,"(4,)",15,70,0.1,True,5,-122.53333333333333,-118.93333333333334,1.0,0.5,98.1
144,36,45,0.15,0.15,"(4,)",15,70,0.1,True,5,-123.33333333333333,-120.13333333333334,1.0,0.5,98.1
144,37,45,0.15,0.15,"(4,)",15,70,0.1,True,5,-122.46666666666667,-116.2,1.0,0.5,98.1
144,38,45,0.15,0.15,"(4,)",15,70,0.1,True,5,-115.66666666666667,-112.93333333333334,1.0,0.5,98.1
144,39,45,0.15,0.15,"(4,)",15,70,0.1,True,5,-112.53333333333333,-121.46666666666667,1.0,0.5,98.1
144,40,45,0.15,0.15,"(4,)",15,70,0.1,True,5,-125.53333333333333,-109.86666666666666,1.0,0.5,98.1
144,41,45,0.15,0.15,"(4,)",15,70,0.1,True,5,-119.26666666666667,-114.06666666666666,1.0,0.5,98.1
144,42,45,0.15,0.15,"(4,)",15,70,0.1,True,5,-120.73333333333333,-117.66666666666667,1.0,0.5,98.1
144,43,45,0.15,0.15,"(4,)",15,70,0.1,True,5,-115.93333333333334,-112.2,1.0,0.5,98.1
144,44,45,0.15,0.15,"(4,)",15,70,0.1,True,5,-120.46666666666667,-109.46666666666667,1.0,0.5,98.1
144,45,45,0.15,0.15,"(4,)",15,70,0.1,True,5,-128.66666666666666,-113.8,1.0,0.5,98.1
144,46,45,0.15,0.15,"(4,)",15,70,0.1,True,5,-122.6,-109.86666666666666,1.0,0.5,98.1
144,47,45,0.15,0.15,"(4,)",15,70,0.1,True,5,-113.46666666666667,-115.93333333333334,1.0,0.5,98.1
144,48,45,0.15,0.15,"(4,)",15,70,0.1,True,5,-116.26666666666667,-111.86666666666666,1.0,0.5,98.1
144,49,45,0.15,0.15,"(4,)",15,70,0.1,True,5,-119.2,-117.0,1.0,0.5,98.1
144,50,45,0.15,0.15,"(4,)",15,70,0.1,True,5,-128.66666666666666,-116.53333333333333,1.0,0.5,98.1
144,51,45,0.15,0.15,"(4,)",15,70,0.1,True,5,-119.53333333333333,-106.53333333333333,1.0,0.5,98.1
144,52,45,0.15,0.15,"(4,)",15,70,0.1,True,5,-109.46666666666667,-117.73333333333333,1.0,0.5,98.1
144,53,45,0.15,0.15,"(4,)",15,70,0.1,True,5,-130.06666666666666,-107.8,1.0,0.5,98.1
144,54,45,0.15,0.15,"(4,)",15,70,0.1,True,5,-123.33333333333333,-113.8,1.0,0.5,98.1
144,55,45,0.15,0.15,"(4,)",15,70,0.1,True,5,-116.73333333333333,-113.13333333333334,1.0,0.5,98.1
144,56,45,0.15,0.15,"(4,)",15,70,0.1,True,5,-118.93333333333334,-109.0,1.0,0.5,98.1
144,57,45,0.15,0.15,"(4,)",15,70,0.1,True,5,-119.93333333333334,-120.33333333333333,1.0,0.5,98.1
144,58,45,0.15,0.15,"(4,)",15,70,0.1,True,5,-119.93333333333334,-111.2,1.0,0.5,98.1
144,59,45,0.15,0.15,"(4,)",15,70,0.1,True,5,-119.2,-110.46666666666667,1.0,0.5,98.1
144,60,45,0.15,0.15,"(4,)",15,70,0.1,True,5,-120.33333333333333,-112.6,1.0,0.5,98.1
144,61,45,0.15,0.15,"(4,)",15,70,0.1,True,5,-114.93333333333334,-113.26666666666667,1.0,0.5,98.1
144,62,45,0.15,0.15,"(4,)",15,70,0.1,True,5,-104.4,-108.73333333333333,1.0,0.5,98.1
144,63,45,0.15,0.15,"(4,)",15,70,0.1,True,5,-109.4,-109.73333333333333,1.0,0.5,98.1
144,64,45,0.15,0.15,"(4,)",15,70,0.1,True,5,-134.06666666666666,-114.33333333333333,1.0,0.5,98.1
144,65,45,0.15,0.15,"(4,)",15,70,0.1,True,5,-117.66666666666667,-114.46666666666667,1.0,0.5,98.1
144,66,45,0.15,0.15,"(4,)",15,70,0.1,True,5,-119.33333333333333,-109.0,1.0,0.5,98.1
144,67,45,0.15,0.15,"(4,)",15,70,0.1,True,5,-118.4,-104.26666666666667,1.0,0.5,98.1
144,68,45,0.15,0.15,"(4,)",15,70,0.1,True,5,-118.13333333333334,-117.2,1.0,0.5,98.1
144,69,45,0.15,0.15,"(4,)",15,70,0.1,True,5,-104.6,-111.73333333333333,1.0,0.5,98.1
155,0,45,0.15,0.15,"(4,)",15,70,0.1,True,5,-1000.0,-1000.0,0.0,-0.25376799605791295,158.5
155,1,45,0.15,0.15,"(4,)",15,70,0.1,True,5,-1000.0,-1000.0,0.0,-0.2714298682235565,158.5
155,2,45,0.15,0.15,"(4,)",15,70,0.1,True,5,-1000.0,-1000.0,0.0,-0.25727054341633665,158.5
155,3,45,0.15,0.15,"(4,)",15,70,0.1,True,5,-1000.0,-1000.0,0.0,-0.2673772588888398,158.5
155,4,45,0.15,0.15,"(4,)",15,70,0.1,True,5,-1000.0,-1000.0,0.0,-0.2649114475164964,158.5
155,5,45,0.15,0.15,"(4,)",15,70,0.1,True,5,-1000.0,-1000.0,0.0,-0.25725000214277943,158.5
155,6,45,0.15,0.15,"(4,)",15,70,0.1,True,5,-1000.0,-1000.0,0.0,-0.2915304219599676,158.5
155,7,45,0.15,0.15,"(4,)",15,70,0.1,True,5,-1000.0,-1000.0,0.0,-0.2749180220565369,158.5
155,8,45,0.15,0.15,"(4,)",15,70,0.1,True,5,-1000.0,-1000.0,0.0,-0.29630032854490423,158.5
155,9,45,0.15,0.15,"(4,)",15,70,0.1,True,5,-1000.0,-1000.0,0.0,-0.24202693343688458,158.5
155,10,45,0.15,0.15,"(4,)",15,70,0.1,True,5,-1000.0,-1000.0,0.0,-0.27307821031382823,158.5
155,11,45,0.15,0.15,"(4,)",15,70,0.1,True,5,-1000.0,-996.3333333333334,0.0,-0.2642521436434094,158.5
155,12,45,0.15,0.15,"(4,)",15,70,0.1,True,5,-1000.0,-1000.0,0.0,-0.2562260127657826,158.5
155,13,45,0.15,0.15,"(4,)",15,70,0.1,True,5,-1000.0,-1000.0,0.0,-0.2514899817843125,158.5
155,14,45,0.15,0.15,"(4,)",15,70,0.1,True,5,-1000.0,-1000.0,0.0,-0.25194012909252467,158.5
155,15,45,0.15,0.15,"(4,)",15,70,0.1,True,5,-1000.0,-898.6666666666666,0.0,-0.2543764584990857,158.5
155,16,45,0.15,0.15,"(4,)",15,70,0.1,True,5,-1000.0,-1000.0,0.0,-0.2580530529264158,158.5
155,17,45,0.15,0.15,"(4,)",15,70,0.1,True,5,-1000.0,-925.7333333333333,0.0,-0.25263303044763247,158.5
155,18,45,0.15,0.15,"(4,)",15,70,0.1,True,5,-1000.0,-436.46666666666664,0.0,-0.25706702347869836,158.5
155,19,45,0.15,0.15,"(4,)",15,70,0.1,True,5,-1000.0,-407.73333333333335,0.0,-0.24417882239200153,158.5
155,20,45,0.15,0.15,"(4,)",15,70,0.1,True,5,-1000.0,-410.1333333333333,0.0,-0.23523197558355918,158.5
155,21,45,0.15,0.15,"(4,)",15,70,0.1,True,5,-1000.0,-364.73333333333335,0.0,-0.1756421691794952,158.5
155,22,45,0.15,0.15,"(4,)",15,70,0.1,True,5,-860.1333333333333,-245.46666666666667,0.5333333333333333,0.24994239040609925,158.5
155,23,45,0.15,0.15,"(4,)",15,70,0.1,True,5,-614.2,-340.2,0.9333333333333333,0.4850657908140766,158.5
155,24,45,0.15,0.15,"(4,)",15,70,0.1,True,5,-502.6666666666667,-194.46666666666667,1.0,0.5,158.5
155,25,45,0.15,0.15,"(4,)",15,70,0.1,True,5,-324.6,-203.73333333333332,1.0,0.5,158.5
155,26,45,0.15,0.15,"(4,)",15,70,0.1,True,5,-288.4,-156.46666666666667,1.0,0.5,158.5
155,27,45,0.15,0.15,"(4,)",15,70,0.1,True,5,-251.73333333333332,-169.46666666666667,1.0,0.5,158.5
155,28,45,0.15,0.15,"(4,)",15,70,0.1,True,5,-205.8,-145.13333333333333,1.0,0.5,158.5
155,29,45,0.15,0.15,"(4,)",15,70,0.1,True,5,-188.86666666666667,-146.93333333333334,1.0,0.5,158.5
155,30,45,0.15,0.15,"(4,)",15,70,0.1,True,5,-173.33333333333334,-140.0,1.0,0.5,158.5
155,31,45,0.15,0.15,"(4,)",15,70,0.1,True,5,-151.26666666666668,-146.8,1.0,0.5,158.5
155,32,45,0.15,0.15,"(4,)",15,70,0.1,True,5,-163.6,-135.73333333333332,1.0,0.5,158.5
155,33,45,0.15,0.15,"(4,)",15,70,0.1,True,5,-160.06666666666666,-126.46666666666667,1.0,0.5,158.5
155,34,45,0.15,0.15,"(4,)",15,70,0.1,True,5,-150.13333333333333,-130.0,1.0,0.5,158.5
155,35,45,0.15,0.15,"(4,)",15,70,0.1,True,5,-140.26666666666668,-135.13333333333333,1.0,0.5,158.5
155,36,45,0.15,0.15,"(4,)",15,70,0.1,True,5,-140.86666666666667,-129.06666666666666,1.0,0.5,158.5
155,37,45,0.15,0.15,"(4,)",15,70,0.1,True,5,-144.13333333333333,-134.33333333333334,1.0,0.5,158.5
155,38,45,0.15,0.15,"(4,)",15,70,0.1,True,5,-137.26666666666668,-130.06666666666666,1.0,0.5,158.5
155,39,45,0.15,0.15,"(4,)",15,70,0.1,True,5,-129.33333333333334,-133.06666666666666,1.0,0.5,158.5
155,40,45,0.15,0.15,"(4,)",15,70,0.1,True,5,-139.93333333333334,-123.8,1.0,0.5,158.5
155,41,45,0.15,0.15,"(4,)",15,70,0.1,True,5,-132.93333333333334,-119.8,1.0,0.5,158.5
155,42,45,0.15,0.15,"(4,)",15,70,0.1,True,5,-131.26666666666668,-118.06666666666666,1.0,0.5,158.5
155,43,45,0.15,0.15,"(4,)",15,70,0.1,True,5,-131.86666666666667,-115.53333333333333,1.0,0.5,158.5
155,44,45,0.15,0.15,"(4,)",15,70,0.1,True,5,-124.73333333333333,-117.73333333333333,1.0,0.5,158.5
155,45,45,0.15,0.15,"(4,)",15,70,0.1,True,5,-125.86666666666666,-122.86666666666666,1.0,0.5,158.5
155,46,45,0.15,0.15,"(4,)",15,70,0.1,True,5,-130.33333333333334,-118.6,1.0,0.5,158.5
155,47,45,0.15,0.15,"(4,)",15,70,0.1,True,5,-117.73333333333333,-117.4,1.0,0.5,158.5
155,48,45,0.15,0.15,"(4,)",15,70,0.1,True,5,-119.0,-119.86666666666666,1.0,0.5,158.5
155,49,45,0.15,0.15,"(4,)",15,70,0.1,True,5,-113.86666666666666,-118.66666666666667,1.0,0.5,158.5
155,50,45,0.15,0.15,"(4,)",15,70,0.1,True,5,-127.6,-116.13333333333334,1.0,0.5,158.5
155,51,45,0.15,0.15,"(4,)",15,70,0.1,True,5,-137.8,-116.4,1.0,0.5,158.5
155,52,45,0.15,0.15,"(4,)",15,70,0.1,True,5,-126.06666666666666,-118.4,1.0,0.5,158.5
155,53,45,0.15,0.15,"(4,)",15,70,0.1,True,5,-128.4,-123.13333333333334,1.0,0.5,158.5
155,54,45,0.15,0.15,"(4,)",15,70,0.1,True,5,-125.4,-116.2,1.0,0.5,158.5
155,55,45,0.15,0.15,"(4,)",15,70,0.1,True,5,-114.73333333333333,-118.66666666666667,1.0,0.5,158.5
155,56,45,0.15,0.15,"(4,)",15,70,0.1,True,5,-117.53333333333333,-115.8,1.0,0.5,158.5
155,57,45,0.15,0.15,"(4,)",15,70,0.1,True,5,-153.46666666666667,-122.86666666666666,1.0,0.5,158.5
155,58,45,0.15,0.15,"(4,)",15,70,0.1,True,5,-126.0,-119.73333333333333,1.0,0.5,158.5
155,59,45,0.15,0.15,"(4,)",15,70,0.1,True,5,-127.53333333333333,-116.53333333333333,1.0,0.5,158.5
155,60,45,0.15,0.15,"(4,)",15,70,0.1,True,5,-115.26666666666667,-116.8,1.0,0.5,158.5
155,61,45,0.15,0.15,"(4,)",15,70,0.1,True,5,-124.66666666666667,-116.26666666666667,1.0,0.5,158.5
155,62,45,0.15,0.15,"(4,)",15,70,0.1,True,5,-110.2,-114.2,1.0,0.5,158.5
155,63,45,0.15,0.15,"(4,)",15,70,0.1,True,5,-121.46666666666667,-118.53333333333333,1.0,0.5,158.5
155,64,45,0.15,0.15,"(4,)",15,70,0.1,True,5,-121.66666666666667,-115.13333333333334,1.0,0.5,158.5
155,65,45,0.15,0.15,"(4,)",15,70,0.1,True,5,-119.86666666666666,-112.2,1.0,0.5,158.5
155,66,45,0.15,0.15,"(4,)",15,70,0.1,True,5,-124.66666666666667,-115.06666666666666,1.0,0.5,158.5
155,67,45,0.15,0.15,"(4,)",15,70,0.1,True,5,-119.13333333333334,-112.2,1.0,0.5,158.5
155,68,45,0.15,0.15,"(4,)",15,70,0.1,True,5,-129.2,-114.6,1.0,0.5,158.5
155,69,45,0.15,0.15,"(4,)",15,70,0.1,True,5,-111.93333333333334,-116.33333333333333,1.0,0.5,158.5
166,0,45,0.15,0.15,"(4,)",15,70,0.1,True,5,-461.0,-267.6666666666667,1.0,0.5,83.5
166,1,45,0.15,0.15,"(4,)",15,70,0.1,True,5,-369.6,-176.46666666666667,1.0,0.5,83.5
166,2,45,0.15,0.15,"(4,)",15,70,0.1,True,5,-281.6,-160.53333333333333,1.0,0.5,83.5
166,3,45,0.15,0.15,"(4,)",15,70,0.1,True,5,-228.0,-167.0,1.0,0.5,83.5
166,4,45,0.15,0.15,"(4,)",15,70,0.1,True,5,-188.06666666666666,-142.53333333333333,1.0,0.5,83.5
166,5,45,0.15,0.15,"(4,)",15,70,0.1,True,5,-169.0,-148.53333333333333,1.0,0.5,83.5
166,6,45,0.15,0.15,"(4,)",15,70,0.1,True,5,-170.93333333333334,-149.4,1.0,0.5,83.5
166,7,45,0.15,0.15,"(4,)",15,70,0.1,True,5,-167.26666666666668,-141.2,1.0,0.5,83.5
166,8,45,0.15,0.15,"(4,)",15,70,0.1,True,5,-153.0,-142.0,1.0,0.5,83.5
166,9,45,0.15,0.15,"(4,)",15,70,0.1,True,5,-152.66666666666666,-138.93333333333334,1.0,0.5,83.5
166,10,45,0.15,0.15,"(4,)",15,70,0.1,True,5,-141.93333333333334,-145.4,1.0,0.5,83.5
166,11,45,0.15,0.15,"(4,)",15,70,0.1,True,5,-158.33333333333334,-137.33333333333334,1.0,0.5,83.5
166,12,45,0.15,0.15,"(4,)",15,70,0.1,True,5,-142.33333333333334,-132.33333333333334,1.0,0.5,83.5
166,13,45,0.15,0.15,"(4,)",15,70,0.1,True,5,-141.66666666666666,-140.86666666666667,1.0,0.5,83.5
166,14,45,0.15,0.15,"(4,)",15,70,0.1,True,5,-152.66666666666666,-131.8,1.0,0.5,83.5
166,15,45,0.15,0.15,"(4,)",15,70,0.1,True,5,-131.33333333333334,-131.2,1.0,0.5,83.5
166,16,45,0.15,0.15,"(4,)",15,70,0.1,True,5,-151.46666666666667,-130.8,1.0,0.5,83.5
166,17,45,0.15,0.15,"(4,)",15,70,0.1,True,5,-159.6,-131.33333333333334,1.0,0.5,83.5
166,18,45,0.15,0.15,"(4,)",15,70,0.1,True,5,-141.13333333333333,-120.33333333333333,1.0,0.5,83.5
166,19,45,0.15,0.15,"(4,)",15,70,0.1,True,5,-127.33333333333333,-126.4,1.0,0.5,83.5
166,20,45,0.15,0.15,"(4,)",15,70,0.1,True,5,-142.26666666666668,-120.46666666666667,1.0,0.5,83.5
166,21,45,0.15,0.15,"(4,)",15,70,0.1,True,5,-123.13333333333334,-127.26666666666667,1.0,0.5,83.5
166,22,45,0.15,0.15,"(4,)",15,70,0.1,True,5,-131.2,-123.6,1.0,0.5,83.5
166,23,45,0.15,0.15,"(4,)",15,70,0.1,True,5,-133.53333333333333,-122.33333333333333,1.0,0.5,83.5
166,24,45,0.15,0.15,"(4,)",15,70,0.1,True,5,-137.66666666666666,-117.6,1.0,0.5,83.5
166,25,45,0.15,0.15,"(4,)",15,70,0.1,True,5,-126.4,-117.6,1.0,0.5,83.5
166,26,45,0.15,0.15,"(4,)",15,70,0.1,True,5,-122.86666666666666,-116.06666666666666,1.0,0.5,83.5
166,27,45,0.15,0.15,"(4,)",15,70,0.1,True,5,-121.86666666666666,-113.53333333333333,1.0,0.5,83.5
166,28,45,0.15,0.15,"(4,)",15,70,0.1,True,5,-124.93333333333334,-116.46666666666667,1.0,0.5,83.5
166,29,45,0.15,0.15,"(4,)",15,70,0.1,True,5,-116.06666666666666,-115.53333333333333,1.0,0.5,83.5
166,30,45,0.15,0.15,"(4,)",15,70,0.1,True,5,-128.6,-117.46666666666667,1.0,0.5,83.5
166,31,45,0.15,0.15,"(4,)",15,70,0.1,True,5,-124.46666666666667,-118.26666666666667,1.0,0.5,83.5
166,32,45,0.15,0.15,"(4,)",15,70,0.1,True,5,-121.66666666666667,-116.66666666666667,1.0,0.5,83.5
166,33,45,0.15,0.15,"(4,)",15,70,0.1,True,5,-118.46666666666667,-115.4,1.0,0.5,83.5
166,34,45,0.15,0.15,"(4,)",15,70,0.1,True,5,-119.66666666666667,-113.46666666666667,1.0,0.5,83.5
166,35,45,0.15,0.15,"(4,)",15,70,0.1,True,5,-120.86666666666666,-118.33333333333333,1.0,0.5,83.5
166,36,45,0.15,0.15,"(4,)",15,70,0.1,True,5,-118.06666666666666,-115.26666666666667,1.0,0.5,83.5
166,37,45,0.15,0.15,"(4,)",15,70,0.1,True,5,-121.6,-112.4,1.0,0.5,83.5
166,38,45,0.15,0.15,"(4,)",15,70,0.1,True,5,-119.0,-108.73333333333333,1.0,0.5,83.5
166,39,45,0.15,0.15,"(4,)",15,70,0.1,True,5,-113.13333333333334,-116.6,1.0,0.5,83.5
166,40,45,0.15,0.15,"(4,)",15,70,0.1,True,5,-128.0,-114.66666666666667,1.0,0.5,83.5
166,41,45,0.15,0.15,"(4,)",15,70,0.1,True,5,-122.46666666666667,-111.26666666666667,1.0,0.5,83.5
166,42,45,0.15,0.15,"(4,)",15,70,0.1,True,5,-119.26666666666667,-110.33333333333333,1.0,0.5,83.5
166,43,45,0.15,0.15,"(4,)",15,70,0.1,True,5,-118.33333333333333,-114.86666666666666,1.0,0.5,83.5
166,44,45,0.15,0.15,"(4,)",15,70,0.1,True,5,-124.6,-110.66666666666667,1.0,0.5,83.5
166,45,45,0.15,0.15,"(4,)",15,70,0.1,True,5,-121.53333333333333,-112.93333333333334,1.0,0.5,83.5
166,46,45,0.15,0.15,"(4,)",15,70,0.1,True,5,-117.66666666666667,-109.0,1.0,0.5,83.5
166,47,45,0.15,0.15,"(4,)",15,70,0.1,True,5,-111.13333333333334,-112.2,1.0,0.5,83.5
166,48,45,0.15,0.15,"(4,)",15,70,0.1,True,5,-119.86666666666666,-111.4,1.0,0.5,83.5
166,49,45,0.15,0.15,"(4,)",15,70,0.1,True,5,-119.73333333333333,-112.0,1.0,0.5,83.5
166,50,45,0.15,0.15,"(4,)",15,70,0.1,True,5,-119.93333333333334,-108.06666666666666,1.0,0.5,83.5
166,51,45,0.15,0.15,"(4,)",15,70,0.1,True,5,-110.66666666666667,-106.53333333333333,1.0,0.5,83.5
166,52,45,0.15,0.15,"(4,)",15,70,0.1,True,5,-109.93333333333334,-117.73333333333333,1.0,0.5,83.5
166,53,45,0.15,0.15,"(4,)",15,70,0.1,True,5,-126.73333333333333,-113.6,1.0,0.5,83.5
166,54,45,0.15,0.15,"(4,)",15,70,0.1,True,5,-120.0,-113.26666666666667,1.0,0.5,83.5
166,55,45,0.15,0.15,"(4,)",15,70,0.1,True,5,-110.4,-114.6,1.0,0.5,83.5
166,56,45,0.15,0.15,"(4,)",15,70,0.1,True,5,-116.8,-112.2,1.0,0.5,83.5
166,57,45,0.15,0.15,"(4,)",15,70,0.1,True,5,-131.53333333333333,-111.73333333333333,1.0,0.5,83.5
166,58,45,0.15,0.15,"(4,)",15,70,0.1,True,5,-115.73333333333333,-111.2,1.0,0.5,83.5
166,59,45,0.15,0.15,"(4,)",15,70,0.1,True,5,-116.4,-111.53333333333333,1.0,0.5,83.5
166,60,45,0.15,0.15,"(4,)",15,70,0.1,True,5,-115.2,-112.0,1.0,0.5,83.5
166,61,45,0.15,0.15,"(4,)",15,70,0.1,True,5,-113.46666666666667,-113.8,1.0,0.5,83.5
166,62,45,0.15,0.15,"(4,)",15,70,0.1,True,5,-110.73333333333333,-113.53333333333333,1.0,0.5,83.5
166,63,45,0.15,0.15,"(4,)",15,70,0.1,True,5,-118.86666666666666,-114.4,1.0,0.5,83.5
166,64,45,0.15,0.15,"(4,)",15,70,0.1,True,5,-133.2,-109.8,1.0,0.5,83.5
166,65,45,0.15,0.15,"(4,)",15,70,0.1,True,5,-129.6,-114.93333333333334,1.0,0.5,83.5
166,66,45,0.15,0.15,"(4,)",15,70,0.1,True,5,-127.13333333333334,-113.66666666666667,1.0,0.5,83.5
166,67,45,0.15,0.15,"(4,)",15,70,0.1,True,5,-117.86666666666666,-111.0,1.0,0.5,83.5
166,68,45,0.15,0.15,"(4,)",15,70,0.1,True,5,-113.53333333333333,-110.8,1.0,0.5,83.5
166,69,45,0.15,0.15,"(4,)",15,70,0.1,True,5,-106.53333333333333,-108.86666666666666,1.0,0.5,83.5
